File,Source,License,Modifications
ug-flag-abkhazia.svg,https://commons.wikimedia.org/wiki/File:Flag_of_the_Republic_of_Abkhazia.svg,PD,
ug-flag-afghanistan.png,https://commons.wikimedia.org/wiki/File:Flag_of_Afghanistan.svg,PD,
ug-flag-aland_islands.svg,https://commons.wikimedia.org/wiki/File:Flag_of_Aland_Islands.svg,PD,
ug-flag-albania.svg,https://commons.wikimedia.org/wiki/File:Flag_of_Albania.svg,PD,
ug-flag-algeria.svg,https://commons.wikimedia.org/wiki/File:Flag_of_Algeria.svg,PD,
ug-flag-andorra.png,https://commons.wikimedia.org/wiki/File:Flag_of_Andorra.svg,PD,
ug-flag-angola.svg,https://commons.wikimedia.org/wiki/File:Flag_of_Angola.svg,PD,
ug-flag-antigua_and_barbuda.svg,https://commons.wikimedia.org/wiki/File:Flag_of_Antigua_and_Barbuda.svg,PD,
ug-flag-argentina.svg,https://commons.wikimedia.org/wiki/File:Flag_of_Argentina.svg,PD,
ug-flag-armenia.svg,https://commons.wikimedia.org/wiki/File:Flag_of_Armenia.svg,PD,
ug-flag-aruba.svg,https://commons.wikimedia.org/wiki/File:Flag_of_Aruba.svg,PD,
ug-flag-australia.svg,https://commons.wikimedia.org/wiki/File:Flag_of_Australia.svg,PD,
ug-flag-austria.svg,https://commons.wikimedia.org/wiki/File:Flag_of_Austria.svg,PD,
ug-flag-azerbaijan.svg,https://commons.wikimedia.org/wiki/File:Flag_of_Azerbaijan.svg,PD,
ug-flag-bahrain.svg,https://commons.wikimedia.org/wiki/File:Flag_of_Bahrain.svg,PD,
ug-flag-bangladesh.svg,https://commons.wikimedia.org/wiki/File:Flag_of_Bangladesh.svg,PD,
ug-flag-barbados.svg,https://commons.wikimedia.org/wiki/File:Flag_of_Barbados.svg,PD,
ug-flag-belarus.svg,https://commons.wikimedia.org/wiki/File:Flag_of_Belarus.svg,PD,
ug-flag-belgium.svg,https://commons.wikimedia.org/wiki/File:Flag_of_Belgium.svg,PD,
ug-flag-belize.png,https://commons.wikimedia.org/wiki/File:Flag_of_Belize.svg,PD,
ug-flag-benin.svg,https://commons.wikimedia.org/wiki/File:Flag_of_Benin.svg,PD,
ug-flag-bhutan.svg,https://commons.wikimedia.org/wiki/File:Flag_of_Bhutan.svg,PD,
ug-flag-bolivia.png,https://commons.wikimedia.org/wiki/File:Flag_of_Bolivia_(state).svg,PD,
ug-flag-bolivia-blur.png,https://commons.wikimedia.org/wiki/File:Flag_of_Bolivia_(state).svg,PD,Inkscape Gaussian blur of 15
ug-flag-bosnia_and_herzegovina.svg,https://commons.wikimedia.org/wiki/File:Flag_of_Bosnia_and_Herzegovina.svg,PD,
ug-flag-botswana.svg,https://commons.wikimedia.org/wiki/File:Flag_of_Botswana.svg,PD,
ug-flag-brazil.svg,https://commons.wikimedia.org/wiki/File:Flag_of_Brazil.svg,PD,
ug-flag-brunei.svg,https://commons.wikimedia.org/wiki/File:Flag_of_Brunei.svg,CC0 1.0,
ug-flag-bulgaria.svg,https://commons.wikimedia.org/wiki/File:Flag_of_Bulgaria.svg,PD,
ug-flag-burkina_faso.svg,https://commons.wikimedia.org/wiki/File:Flag_of_Burkina_Faso.svg,PD,
ug-flag-burundi.svg,https://commons.wikimedia.org/wiki/File:Flag_of_Burundi.svg,PD,
ug-flag-cambodia.svg,https://commons.wikimedia.org/wiki/File:Flag_of_Cambodia.svg,PD,
ug-flag-cameroon.svg,https://commons.wikimedia.org/wiki/File:Flag_of_Cameroon.svg,PD,
ug-flag-canada.svg,https://commons.wikimedia.org/wiki/File:Flag_of_Canada.svg,PD,
ug-flag-cape_verde.svg,https://commons.wikimedia.org/wiki/File:Flag_of_Cape_Verde.svg,PD,
ug-flag-central_african_republic.svg,https://commons.wikimedia.org/wiki/File:Flag_of_Central_African_Republic.svg,PD,
ug-flag-chad.svg,https://commons.wikimedia.org/wiki/File:Flag_of_Chad.svg,PD,
ug-flag-chile.svg,https://commons.wikimedia.org/wiki/File:Flag_of_Chile.svg,PD,
ug-flag-china.svg,https://commons.wikimedia.org/wiki/File:Flag_of_the_People%27s_Republic_of_China.svg,PD,
ug-flag-colombia.svg,https://commons.wikimedia.org/wiki/File:Flag_of_Colombia.svg,PD,
ug-flag-comoros.svg,https://commons.wikimedia.org/wiki/File:Flag_of_the_Comoros.svg,PD,
ug-flag-cook_islands.svg,https://commons.wikimedia.org/wiki/File:Flag_of_Cook_Islands.svg,PD,
ug-flag-costa_rica.png,https://commons.wikimedia.org/wiki/File:Flag_of_Costa_Rica_(state).svg,PD,
ug-flag-croatia.png,https://commons.wikimedia.org/wiki/File:Flag_of_Croatia.svg,PD,
ug-flag-cuba.svg,https://commons.wikimedia.org/wiki/File:Flag_of_Cuba.svg,PD,
ug-flag-curacao.svg,https://commons.wikimedia.org/wiki/File:Flag_of_Curacao.svg,PD,
ug-flag-cyprus.svg,https://commons.wikimedia.org/wiki/File:Flag_of_Cyprus.svg,PD,
ug-flag-czech_republic.svg,https://commons.wikimedia.org/wiki/File:Flag_of_the_Czech_Republic.svg,PD,
ug-flag-democratic_republic_of_the_congo.svg,https://commons.wikimedia.org/wiki/File:Flag_of_the_Democratic_Republic_of_the_Congo.svg,PD,
ug-flag-denmark.svg,https://commons.wikimedia.org/wiki/File:Flag_of_Denmark.svg,PD,
ug-flag-djibouti.svg,https://commons.wikimedia.org/wiki/File:Flag_of_Djibouti.svg,CC0 1.0,
ug-flag-dominica.svg,https://commons.wikimedia.org/wiki/File:Flag_of_Dominica.svg,CC0 1.0,
ug-flag-dominican_republic.png,https://commons.wikimedia.org/wiki/File:Flag_of_the_Dominican_Republic.svg,PD,
ug-flag-east_timor.svg,https://commons.wikimedia.org/wiki/File:Flag_of_East_Timor.svg,PD,
ug-flag-ecuador.png,https://commons.wikimedia.org/wiki/File:Flag_of_Ecuador.svg,PD,
ug-flag-egypt.svg,https://commons.wikimedia.org/wiki/File:Flag_of_Egypt.svg,PD,
ug-flag-el_salvador.png,https://commons.wikimedia.org/wiki/File:Flag_of_El_Salvador.svg,PD,
ug-flag-el_salvador-blur.png,https://commons.wikimedia.org/wiki/File:Flag_of_El_Salvador.svg,PD,Inkscape Gaussian blur of 3
ug-flag-england.svg,https://commons.wikimedia.org/wiki/File:Flag_of_England.svg,PD,
ug-flag-equatorial_guinea.svg,https://commons.wikimedia.org/wiki/File:Flag_of_Equatorial_Guinea.svg,CC0 1.0,
ug-flag-eritrea.svg,https://commons.wikimedia.org/wiki/File:Flag_of_Eritrea.svg,CC0 1.0,
ug-flag-estonia.svg,https://commons.wikimedia.org/wiki/File:Flag_of_Estonia.svg,PD,
ug-flag-eswatini.svg,https://commons.wikimedia.org/wiki/File:Flag_of_Eswatini.svg,CC0 1.0,
ug-flag-ethiopia.svg,https://commons.wikimedia.org/wiki/File:Flag_of_Ethiopia.svg,PD,
ug-flag-european_union.svg,https://commons.wikimedia.org/wiki/File:Flag_of_Europe.svg,PD,
ug-flag-faroe_islands.svg,https://commons.wikimedia.org/wiki/File:Flag_of_the_Faroe_Islands.svg,PD,
ug-flag-federated_states_of_micronesia.svg,https://commons.wikimedia.org/wiki/File:Flag_of_the_Federated_States_of_Micronesia.svg,PD,
ug-flag-fiji.svg,https://commons.wikimedia.org/wiki/File:Flag_of_Fiji.svg,PD,
ug-flag-finland.svg,https://commons.wikimedia.org/wiki/File:Flag_of_Finland.svg,PD,
ug-flag-france.svg,https://commons.wikimedia.org/wiki/File:Flag_of_France.svg,PD,
ug-flag-french_polynesia.svg,https://commons.wikimedia.org/wiki/File:Flag_of_French_Polynesia.svg,CC0 1.0,
ug-flag-gabon.svg,https://commons.wikimedia.org/wiki/File:Flag_of_Gabon.svg,PD,
ug-flag-georgia.svg,https://commons.wikimedia.org/wiki/File:Flag_of_Georgia.svg,PD,
ug-flag-germany.svg,https://commons.wikimedia.org/wiki/File:Flag_of_Germany.svg,PD,
ug-flag-ghana.svg,https://commons.wikimedia.org/wiki/File:Flag_of_Ghana.svg,PD,
ug-flag-greece.svg,https://commons.wikimedia.org/wiki/File:Flag_of_Greece.svg,PD,
ug-flag-greenland.svg,https://commons.wikimedia.org/wiki/File:Flag_of_Greenland.svg,PD,
ug-flag-grenada.svg,https://commons.wikimedia.org/wiki/File:Flag_of_Grenada.svg,PD,
ug-flag-guam.svg,https://commons.wikimedia.org/wiki/File:Flag_of_Guam.svg,PD,
ug-flag-guam-blur.svg,https://commons.wikimedia.org/wiki/File:Flag_of_Guam.svg,PD,Inkscape Gaussian blur of 5
ug-flag-guatemala.png,https://commons.wikimedia.org/wiki/File:Flag_of_Guatemala.svg,PD,
ug-flag-guinea-bissau.svg,https://commons.wikimedia.org/wiki/File:Flag_of_Guinea-Bissau.svg,PD,
ug-flag-guinea.svg,https://commons.wikimedia.org/wiki/File:Flag_of_Guinea.svg,PD,
ug-flag-guyana.svg,https://commons.wikimedia.org/wiki/File:Flag_of_Guyana.svg,PD,
ug-flag-haiti.svg,https://commons.wikimedia.org/wiki/File:Flag_of_Haiti.svg,PD,
ug-flag-honduras.svg,https://commons.wikimedia.org/wiki/File:Flag_of_Honduras.svg,PD,
ug-flag-hong_kong.svg,https://commons.wikimedia.org/wiki/File:Flag_of_Hong_Kong.svg,PD,
ug-flag-hungary.svg,https://commons.wikimedia.org/wiki/File:Flag_of_Hungary.svg,PD,
ug-flag-iceland.svg,https://commons.wikimedia.org/wiki/File:Flag_of_Iceland.svg,PD,
ug-flag-india.svg,https://commons.wikimedia.org/wiki/File:Flag_of_India.svg,PD,
ug-flag-indonesia.svg,https://commons.wikimedia.org/wiki/File:Flag_of_Indonesia.svg,PD,
ug-flag-iran.svg,https://commons.wikimedia.org/wiki/File:Flag_of_Iran.svg,PD,
ug-flag-iraq.svg,https://commons.wikimedia.org/wiki/File:Flag_of_Iraq.svg,PD,
ug-flag-ireland.svg,https://commons.wikimedia.org/wiki/File:Flag_of_Ireland.svg,PD,
ug-flag-israel.svg,https://commons.wikimedia.org/wiki/File:Flag_of_Israel.svg,PD,
ug-flag-italy.svg,https://commons.wikimedia.org/wiki/File:Flag_of_Italy.svg,PD,
ug-flag-ivory_coast.svg,https://commons.wikimedia.org/wiki/File:Flag_of_C%C3%B4te_d%27Ivoire.svg,PD,
ug-flag-jamaica.svg,https://commons.wikimedia.org/wiki/File:Flag_of_Jamaica.svg,PD,
ug-flag-japan.svg,https://commons.wikimedia.org/wiki/File:Flag_of_Japan.svg,PD,
ug-flag-jordan.svg,https://commons.wikimedia.org/wiki/File:Flag_of_Jordan.svg,PD,
ug-flag-kazakhstan.svg,https://commons.wikimedia.org/wiki/File:Flag_of_Kazakhstan.svg,PD,
ug-flag-kenya.svg,https://commons.wikimedia.org/wiki/File:Flag_of_Kenya.svg,PD,
ug-flag-kiribati.svg,https://commons.wikimedia.org/wiki/File:Flag_of_Kiribati.svg,PD,
ug-flag-kosovo.svg,https://commons.wikimedia.org/wiki/File:Flag_of_Kosovo.svg,PD,
ug-flag-kuwait.svg,https://commons.wikimedia.org/wiki/File:Flag_of_Kuwait.svg,PD,
ug-flag-kyrgyzstan.svg,https://commons.wikimedia.org/wiki/File:Flag_of_Kyrgyzstan.svg,PD,
ug-flag-laos.svg,https://commons.wikimedia.org/wiki/File:Flag_of_Laos.svg,PD,
ug-flag-latvia.svg,https://commons.wikimedia.org/wiki/File:Flag_of_Latvia.svg,PD,
ug-flag-lebanon.svg,https://commons.wikimedia.org/wiki/File:Flag_of_Lebanon.svg,PD,
ug-flag-lesotho.svg,https://commons.wikimedia.org/wiki/File:Flag_of_Lesotho.svg,PD,
ug-flag-liberia.svg,https://commons.wikimedia.org/wiki/File:Flag_of_Liberia.svg,PD,
ug-flag-libya.svg,https://commons.wikimedia.org/wiki/File:Flag_of_Libya.svg,PD,
ug-flag-liechtenstein.svg,https://commons.wikimedia.org/wiki/File:Flag_of_Liechtenstein.svg,PD,
ug-flag-lithuania.svg,https://commons.wikimedia.org/wiki/File:Flag_of_Lithuania.svg,PD,
ug-flag-luxembourg.svg,https://commons.wikimedia.org/wiki/File:Flag_of_Luxembourg.svg,PD,
ug-flag-macau.svg,https://commons.wikimedia.org/wiki/File:Flag_of_Macau.svg,PD,
ug-flag-madagascar.svg,https://commons.wikimedia.org/wiki/File:Flag_of_Madagascar.svg,PD,
ug-flag-malawi.svg,https://commons.wikimedia.org/wiki/File:Flag_of_Malawi.svg,PD,
ug-flag-malaysia.svg,https://commons.wikimedia.org/wiki/File:Flag_of_Malaysia.svg,PD,
ug-flag-maldives.svg,https://commons.wikimedia.org/wiki/File:Flag_of_Maldives.svg,PD,
ug-flag-mali.svg,https://commons.wikimedia.org/wiki/File:Flag_of_Mali.svg,PD,
ug-flag-malta.svg,https://commons.wikimedia.org/wiki/File:Flag_of_Malta.svg,PD,
ug-flag-marshall_islands.svg,https://commons.wikimedia.org/wiki/File:Flag_of_the_Marshall_Islands.svg,PD,
ug-flag-mauritania.svg,https://commons.wikimedia.org/wiki/File:Flag_of_Mauritania.svg,PD,
ug-flag-mauritius.svg,https://commons.wikimedia.org/wiki/File:Flag_of_Mauritius.svg,PD,
ug-flag-mexico.png,https://commons.wikimedia.org/wiki/File:Flag_of_Mexico.svg,PD,
ug-flag-moldova.svg,https://commons.wikimedia.org/wiki/File:Flag_of_Moldova.svg,PD,
ug-flag-monaco.svg,https://commons.wikimedia.org/wiki/File:Flag_of_Monaco.svg,PD,
ug-flag-mongolia.svg,https://commons.wikimedia.org/wiki/File:Flag_of_Mongolia.svg,PD,
ug-flag-montenegro.png,https://commons.wikimedia.org/wiki/File:Flag_of_Montenegro.svg,PD,
ug-flag-morocco.svg,https://commons.wikimedia.org/wiki/File:Flag_of_Morocco.svg,PD,
ug-flag-mozambique.svg,https://commons.wikimedia.org/wiki/File:Flag_of_Mozambique.svg,PD,
ug-flag-myanmar.svg,https://commons.wikimedia.org/wiki/File:Flag_of_Myanmar.svg,PD,
ug-flag-namibia.svg,https://commons.wikimedia.org/wiki/File:Flag_of_Namibia.svg,PD,
ug-flag-nauru.svg,https://commons.wikimedia.org/wiki/File:Flag_of_Nauru.svg,PD,
ug-flag-nepal-nobox.svg,https://commons.wikimedia.org/wiki/File:Flag_of_Nepal.svg,PD,
ug-flag-netherlands.svg,https://commons.wikimedia.org/wiki/File:Flag_of_the_Netherlands.svg,PD,
ug-flag-new_caledonia.svg,https://commons.wikimedia.org/wiki/File:Flag_of_FLNKS.svg,PD,
ug-flag-new_zealand.svg,https://commons.wikimedia.org/wiki/File:Flag_of_New_Zealand.svg,PD,
ug-flag-nicaragua.svg,https://commons.wikimedia.org/wiki/File:Flag_of_Nicaragua.svg,PD,
ug-flag-nicaragua-blur.svg,https://commons.wikimedia.org/wiki/File:Flag_of_Nicaragua.svg,PD,Inkscape Gaussian blur of 3.5
ug-flag-niger.svg,https://commons.wikimedia.org/wiki/File:Flag_of_Niger.svg,PD,
ug-flag-nigeria.svg,https://commons.wikimedia.org/wiki/File:Flag_of_Nigeria.svg,PD,
ug-flag-niue.svg,https://commons.wikimedia.org/wiki/File:Flag_of_Niue.svg,PD,
ug-flag-north_korea.svg,https://commons.wikimedia.org/wiki/File:Flag_of_North_Korea.svg,PD,
ug-flag-north_macedonia.svg,https://commons.wikimedia.org/wiki/File:Flag_of_North_Macedonia.svg,PD,
ug-flag-northern_cyprus.svg,https://commons.wikimedia.org/wiki/File:Flag_of_the_Turkish_Republic_of_Northern_Cyprus.svg,CC BY-SA 2.5,
ug-flag-norway.svg,https://commons.wikimedia.org/wiki/File:Flag_of_Norway.svg,PD,
ug-flag-oman.svg,https://commons.wikimedia.org/wiki/File:Flag_of_Oman.svg,PD,
ug-flag-pakistan.svg,https://commons.wikimedia.org/wiki/File:Flag_of_Pakistan.svg,PD,
ug-flag-palau.svg,https://commons.wikimedia.org/wiki/File:Flag_of_Palau.svg,PD,
ug-flag-palestine.svg,https://commons.wikimedia.org/wiki/File:Flag_of_Palestine.svg,PD,
ug-flag-panama.svg,https://commons.wikimedia.org/wiki/File:Flag_of_Panama.svg,PD,
ug-flag-papua_new_guinea.svg,https://commons.wikimedia.org/wiki/File:Flag_of_Papua_New_Guinea.svg,PD,
ug-flag-paraguay.svg,https://commons.wikimedia.org/wiki/File:Flag_of_Paraguay.svg,PD,
ug-flag-paraguay-blur.svg,https://commons.wikimedia.org/wiki/File:Flag_of_Paraguay.svg,PD,Inkscape Gaussian blur of 1.5
ug-flag-peru.png,https://commons.wikimedia.org/wiki/File:Flag_of_Peru_(state).svg,PD,
ug-flag-philippines.svg,https://commons.wikimedia.org/wiki/File:Flag_of_the_Philippines.svg,PD,
ug-flag-poland.svg,https://commons.wikimedia.org/wiki/File:Flag_of_Poland.svg,PD,
ug-flag-portugal.svg,https://commons.wikimedia.org/wiki/File:Flag_of_Portugal.svg,PD,
ug-flag-puerto_rico.svg,https://commons.wikimedia.org/wiki/File:Flag_of_Puerto_Rico.svg,PD,
ug-flag-qatar.svg,https://commons.wikimedia.org/wiki/File:Flag_of_Qatar.svg,PD,
ug-flag-republic_of_artsakh.svg,https://commons.wikimedia.org/wiki/File:Flag_of_Artsakh.svg,PD,
ug-flag-republic_of_the_congo.svg,https://commons.wikimedia.org/wiki/File:Flag_of_Republic_of_the_Congo.svg,PD,
ug-flag-romania.svg,https://commons.wikimedia.org/wiki/File:Flag_of_Romania.svg,PD,
ug-flag-russia.svg,https://commons.wikimedia.org/wiki/File:Flag_of_Russia.svg,PD,
ug-flag-rwanda.svg,https://commons.wikimedia.org/wiki/File:Flag_of_Rwanda.svg,PD,
ug-flag-sahrawi_arab_democratic_republic.svg,https://commons.wikimedia.org/wiki/File:Flag_of_the_Sahrawi_Arab_Democratic_Republic.svg,PD,
ug-flag-saint_kitts_and_nevis.svg,https://commons.wikimedia.org/wiki/File:Flag_of_Saint_Kitts_and_Nevis.svg,PD,
ug-flag-saint_lucia.svg,https://commons.wikimedia.org/wiki/File:Flag_of_Saint_Lucia.svg,PD,
ug-flag-saint_vincent_and_the_grenadines.svg,https://commons.wikimedia.org/wiki/File:Flag_of_Saint_Vincent_and_the_Grenadines.svg,PD,
ug-flag-samoa.svg,https://commons.wikimedia.org/wiki/File:Flag_of_Samoa.svg,PD,
ug-flag-san_marino.png,https://commons.wikimedia.org/wiki/File:Flag_of_San_Marino.svg,PD,
ug-flag-sao_tome_and_principe.svg,https://commons.wikimedia.org/wiki/File:Flag_of_Sao_Tome_and_Principe.svg,PD,
ug-flag-saudi_arabia.svg,https://commons.wikimedia.org/wiki/File:Flag_of_Saudi_Arabia.svg,PD,
ug-flag-scotland.svg,https://commons.wikimedia.org/wiki/File:Flag_of_Scotland.svg,PD,
ug-flag-senegal.svg,https://commons.wikimedia.org/wiki/File:Flag_of_Senegal.svg,PD,
ug-flag-serbia.png,https://commons.wikimedia.org/wiki/File:Flag_of_Serbia.svg,PD,
ug-flag-seychelles.svg,https://commons.wikimedia.org/wiki/File:Flag_of_Seychelles.svg,PD,
ug-flag-sierra_leone.svg,https://commons.wikimedia.org/wiki/File:Flag_of_Sierra_Leone.svg,PD,
ug-flag-singapore.svg,https://commons.wikimedia.org/wiki/File:Flag_of_Singapore.svg,PD,
ug-flag-slovakia.svg,https://commons.wikimedia.org/wiki/File:Flag_of_Slovakia.svg,PD,
ug-flag-slovenia.svg,https://commons.wikimedia.org/wiki/File:Flag_of_Slovenia.svg,PD,
ug-flag-solomon_islands.svg,https://commons.wikimedia.org/wiki/File:Flag_of_the_Solomon_Islands.svg,PD,
ug-flag-somalia.svg,https://commons.wikimedia.org/wiki/File:Flag_of_Somalia.svg,PD,
ug-flag-somaliland.svg,https://commons.wikimedia.org/wiki/File:Flag_of_Somaliland.svg,PD,
ug-flag-south_africa.svg,https://commons.wikimedia.org/wiki/File:Flag_of_South_Africa.svg,PD,
ug-flag-south_korea.svg,https://commons.wikimedia.org/wiki/File:Flag_of_South_Korea.svg,PD,
ug-flag-south_ossetia.svg,https://commons.wikimedia.org/wiki/File:Flag_of_South_Ossetia.svg,PD,
ug-flag-south_sudan.svg,https://commons.wikimedia.org/wiki/File:Flag_of_South_Sudan.svg,PD,
ug-flag-spain.svg,https://commons.wikimedia.org/wiki/File:Flag_of_Spain.svg,PD,
ug-flag-sri_lanka.svg,https://commons.wikimedia.org/wiki/File:Flag_of_Sri_Lanka.svg,PD,
ug-flag-sudan.svg,https://commons.wikimedia.org/wiki/File:Flag_of_Sudan.svg,PD,
ug-flag-suriname.svg,https://commons.wikimedia.org/wiki/File:Flag_of_Suriname.svg,PD,
ug-flag-sweden.svg,https://commons.wikimedia.org/wiki/File:Flag_of_Sweden.svg,PD,
ug-flag-switzerland.svg,https://commons.wikimedia.org/wiki/File:Flag_of_Switzerland.svg,PD,
ug-flag-syria.svg,https://commons.wikimedia.org/wiki/File:Flag_of_Syria.svg,PD,
ug-flag-taiwan.svg,https://commons.wikimedia.org/wiki/File:Flag_of_the_Republic_of_China.svg,PD,
ug-flag-tajikistan.svg,https://commons.wikimedia.org/wiki/File:Flag_of_Tajikistan.svg,PD,
ug-flag-tanzania.svg,https://commons.wikimedia.org/wiki/File:Flag_of_Tanzania.svg,PD,
ug-flag-thailand.svg,https://commons.wikimedia.org/wiki/File:Flag_of_Thailand.svg,PD,
ug-flag-the_bahamas.svg,https://commons.wikimedia.org/wiki/File:Flag_of_the_Bahamas.svg,PD,
ug-flag-the_gambia.svg,https://commons.wikimedia.org/wiki/File:Flag_of_The_Gambia.svg,PD,
ug-flag-togo.svg,https://commons.wikimedia.org/wiki/File:Flag_of_Togo.svg,PD,
ug-flag-tonga.svg,https://commons.wikimedia.org/wiki/File:Flag_of_Tonga.svg,CC0 1.0,
ug-flag-transnistria.svg,https://commons.wikimedia.org/wiki/File:Flag_of_Transnistria.svg,PD,
ug-flag-trinidad_and_tobago.svg,https://commons.wikimedia.org/wiki/File:Flag_of_Trinidad_and_Tobago.svg,PD,
ug-flag-tunisia.svg,https://commons.wikimedia.org/wiki/File:Flag_of_Tunisia.svg,PD,
ug-flag-turkey.svg,https://commons.wikimedia.org/wiki/File:Flag_of_Turkey.svg,PD,
ug-flag-turkmenistan.svg,https://commons.wikimedia.org/wiki/File:Flag_of_Turkmenistan.svg,PD,
ug-flag-tuvalu.svg,https://commons.wikimedia.org/wiki/File:Flag_of_Tuvalu.svg,CC0 1.0,
ug-flag-uganda.svg,https://commons.wikimedia.org/wiki/File:Flag_of_Uganda.svg,PD,
ug-flag-ukraine.svg,https://commons.wikimedia.org/wiki/File:Flag_of_Ukraine.svg,PD,
ug-flag-united_arab_emirates.svg,https://commons.wikimedia.org/wiki/File:Flag_of_the_United_Arab_Emirates.svg,PD,
ug-flag-united_kingdom.svg,https://commons.wikimedia.org/wiki/File:Flag_of_United_Kingdom.svg,PD,
ug-flag-united_states_of_america.svg,https://commons.wikimedia.org/wiki/File:Flag_of_the_U.S..svg,PD,
ug-flag-united_states_virgin_islands.svg,https://commons.wikimedia.org/wiki/File:Flag_of_the_United_States_Virgin_Islands.svg,PD,
ug-flag-uruguay.svg,https://commons.wikimedia.org/wiki/File:Flag_of_Uruguay.svg,PD,
ug-flag-uzbekistan.svg,https://commons.wikimedia.org/wiki/File:Flag_of_Uzbekistan.svg,PD,
ug-flag-vanuatu.svg,https://commons.wikimedia.org/wiki/File:Flag_of_Vanuatu.svg,PD,
ug-flag-vatican_city.svg,https://commons.wikimedia.org/wiki/File:Flag_of_the_Vatican_City.svg,CC0 1.0,
ug-flag-venezuela.png,https://en.wikipedia.org/wiki/File:Flag_of_Venezuela_(state).svg,PD,
ug-flag-vietnam.svg,https://commons.wikimedia.org/wiki/File:Flag_of_Vietnam.svg,PD,
ug-flag-wales.svg,https://commons.wikimedia.org/wiki/File:Flag_of_Wales.svg,CC0 1.0,
ug-flag-yemen.svg,https://commons.wikimedia.org/wiki/File:Flag_of_Yemen.svg,PD,
ug-flag-zambia.svg,https://commons.wikimedia.org/wiki/File:Flag_of_Zambia.svg,PD,
ug-flag-zimbabwe.svg,https://commons.wikimedia.org/wiki/File:Flag_of_Zimbabwe.svg,PD,
ug-map-abkhazia.png,https://commons.wikimedia.org/wiki/File:Abkhazia_in_its_region.svg,CC BY-SA 3.0,
ug-map-adriatic_sea.png,not upstreamed yet,CC BY-SA 3.0,
ug-map-aegean_sea.png,not upstreamed yet,CC BY-SA 3.0,
ug-map-afghanistan.png,https://commons.wikimedia.org/wiki/File:Afghanistan_in_its_region.svg,CC BY-SA 3.0,
ug-map-africa-nobox.png,https://commons.wikimedia.org/wiki/File:Africa_in_the_world_(red)_(W3).svg,CC BY-SA 3.0,grid removed
ug-map-akrotiri_and_dhekelia.png,https://commons.wikimedia.org/wiki/File:Akrotiri_and_Dhekelia_in_United_Kingdom.svg,CC BY-SA 3.0,colours adjusted
ug-map-aland_islands.png,https://commons.wikimedia.org/wiki/File:Aland_in_its_region.svg,CC BY-SA 3.0,
ug-map-albania.png,https://commons.wikimedia.org/wiki/File:Albania_in_its_region.svg,CC BY-SA 3.0,
ug-map-algeria.png,https://commons.wikimedia.org/wiki/File:Algeria_in_its_region.svg,CC BY-SA 3.0,
ug-map-american_samoa.png,https://commons.wikimedia.org/wiki/File:American_Samoa_in_its_region.svg,CC BY-SA 3.0,
ug-map-andorra.png,https://commons.wikimedia.org/wiki/File:Andorra_in_its_region.svg,CC BY-SA 3.0,
ug-map-angola.png,https://commons.wikimedia.org/wiki/File:Angola_in_its_region.svg,CC BY-SA 3.0,
ug-map-anguilla.png,https://commons.wikimedia.org/wiki/File:Anguilla_in_its_region_(zoom).svg,CC BY-SA 3.0,"colours adjusted for consistency, zoom box moved"
ug-map-antarctica-nobox.png,https://commons.wikimedia.org/wiki/File:Antarctica_in_the_world_(red)_(W3).svg,CC BY-SA 3.0,grid removed
ug-map-antigua_and_barbuda.png,https://commons.wikimedia.org/wiki/File:Antigua_and_Barbuda_in_its_region_(zoomed).svg,CC BY-SA 3.0,colours adjusted for consistency
ug-map-arabian_sea.png,not upstreamed yet,CC BY-SA 3.0,
ug-map-aral_sea.png,not upstreamed yet,CC BY-SA 3.0,
ug-map-arctic_ocean-nobox.png,https://commons.wikimedia.org/wiki/File:Arctic_Ocean_in_the_world_(blue)_(W3)_(CWF).svg,CC BY-SA 4.0,
ug-map-argentina.png,https://commons.wikimedia.org/wiki/File:Argentina_in_its_region_(%2Ball_claims_wo_Antarctica_hatched).svg,CC BY-SA 3.0,
ug-map-armenia.png,https://commons.wikimedia.org/wiki/File:Armenia_in_its_region.svg,CC BY-SA 3.0,
ug-map-aruba.png,https://commons.wikimedia.org/wiki/File:Aruba_in_its_region_(zoom).svg,CC BY-SA 3.0,colours adjusted for consistency
ug-map-asia-nobox.png,https://commons.wikimedia.org/wiki/File:Asia_in_the_world_(red)_(W3).svg,CC BY-SA 3.0,grid removed
ug-map-atlantic_ocean-nobox.png,https://commons.wikimedia.org/wiki/File:Atlantic_Ocean_in_the_world_(blue)_(W3)_(CWF).svg,CC BY-SA 4.0,
ug-map-australia.png,https://commons.wikimedia.org/wiki/File:Australia_in_its_region.svg,CC BY-SA 3.0,
ug-map-austria.png,https://commons.wikimedia.org/wiki/File:Austria_in_its_region.svg,CC BY-SA 3.0,
ug-map-azerbaijan.png,https://commons.wikimedia.org/wiki/File:Azerbaijan_in_its_region_(claimed_hatched).svg,CC BY-SA 3.0,
ug-map-azores.png,https://commons.wikimedia.org/wiki/File:Azores_in_its_region.svg,CC BY-SA 3.0,
ug-map-bahrain.png,https://commons.wikimedia.org/wiki/File:Bahrain_in_its_region.svg,CC BY-SA 3.0,
ug-map-bali.png,https://commons.wikimedia.org/wiki/File:Bali_in_Indonesia.svg,CC BY-SA 3.0,
ug-map-balkan_peninsula.png,https://commons.wikimedia.org/wiki/File:Balkan_Peninsula_in_its_region.svg,CC BY-SA 3.0,
ug-map-baltic_sea.png,not upstreamed yet,CC BY-SA 3.0,
ug-map-bangladesh.png,https://commons.wikimedia.org/wiki/File:Bangladesh_in_its_region.svg,CC BY-SA 3.0,
ug-map-barbados.png,https://commons.wikimedia.org/wiki/File:Barbados_in_its_region.svg,CC BY-SA 3.0,zoom box added
ug-map-bay_of_bengal.png,not upstreamed yet,CC BY-SA 3.0,
ug-map-bay_of_biscay.png,not upstreamed yet,CC BY-SA 3.0,
ug-map-belarus.png,https://commons.wikimedia.org/wiki/File:Belarus_in_its_region.svg,CC BY-SA 3.0,
ug-map-belgium.png,https://commons.wikimedia.org/wiki/File:Belgium_in_its_region.svg,CC BY-SA 3.0,
ug-map-belize.png,https://commons.wikimedia.org/wiki/File:Belize_in_its_region.svg,CC BY-SA 3.0,
ug-map-benin.png,https://commons.wikimedia.org/wiki/File:Benin_in_its_region.svg,CC BY-SA 3.0,
ug-map-bering_strait.png,not upstreamed yet,CC BY-SA 3.0,
ug-map-bermuda.png,https://commons.wikimedia.org/wiki/File:Bermuda_in_its_region.svg,CC BY-SA 3.0,
ug-map-bhutan.png,https://commons.wikimedia.org/wiki/File:Bhutan_in_its_region.svg,CC BY-SA 3.0,
ug-map-black_sea.png,not upstreamed yet,CC BY-SA 3.0,
ug-map-bolivia.png,https://commons.wikimedia.org/wiki/File:Bolivia_in_its_region.svg,CC BY-SA 3.0,
ug-map-bosnia_and_herzegovina.png,https://commons.wikimedia.org/wiki/File:Bosnia_and_Herzegovina_in_its_region.svg,CC BY-SA 3.0,
ug-map-botswana.png,https://commons.wikimedia.org/wiki/File:Botswana_in_its_region.svg,CC BY-SA 3.0,
ug-map-brazil.png,https://commons.wikimedia.org/wiki/File:Brazil_in_its_region.svg,CC BY-SA 3.0,
ug-map-british_virgin_islands.png,https://commons.wikimedia.org/wiki/File:British_Virgin_Islands_in_its_region_(zoom).svg,CC BY-SA 3.0,"colours adjusted for consistency, zoom box moved"
ug-map-brunei.png,https://commons.wikimedia.org/wiki/File:Brunei_in_its_region_(special_marker).svg,CC BY-SA 3.0,
ug-map-bulgaria.png,https://commons.wikimedia.org/wiki/File:Bulgaria_in_its_region.svg,CC BY-SA 3.0,
ug-map-burkina_faso.png,https://commons.wikimedia.org/wiki/File:Burkina_Faso_in_its_region.svg,CC BY-SA 3.0,
ug-map-burundi.png,https://commons.wikimedia.org/wiki/File:Burundi_in_its_region.svg,CC BY-SA 3.0,
ug-map-cambodia.png,https://commons.wikimedia.org/wiki/File:Cambodia_in_its_region.svg,CC BY-SA 3.0,
ug-map-cameroon.png,https://commons.wikimedia.org/wiki/File:Cameroon_in_its_region.svg,CC BY-SA 3.0,
ug-map-canada.png,https://commons.wikimedia.org/wiki/File:Canada_in_its_region.svg,CC BY-SA 3.0,
ug-map-canary_islands.png,https://commons.wikimedia.org/wiki/File:Canary_Islands_in_its_region_(special_marker).svg,CC BY-SA 3.0,
ug-map-cape_verde.png,https://commons.wikimedia.org/wiki/File:Cape_Verde_in_its_region.svg,CC BY-SA 3.0,
ug-map-caribbean_sea.png,not upstreamed yet,CC BY-SA 3.0,
ug-map-caspian_sea.png,not upstreamed yet,CC BY-SA 3.0,
ug-map-cayman_islands.png,https://commons.wikimedia.org/wiki/File:Cayman_Islands_in_its_region.svg,CC BY-SA 3.0,
ug-map-celtic_sea.png,not upstreamed yet,CC BY-SA 3.0,
ug-map-central_african_republic.png,https://commons.wikimedia.org/wiki/File:Central_African_Republic_in_its_region.svg,CC BY-SA 3.0,
ug-map-chad.png,https://commons.wikimedia.org/wiki/File:Chad_in_its_region.svg,CC BY-SA 3.0,
ug-map-chile.png,https://commons.wikimedia.org/wiki/File:Chile_in_its_region.svg,CC BY-SA 3.0,
ug-map-china.png,https://commons.wikimedia.org/wiki/File:China_in_its_region_(claimed_and_disputed_hatched).svg,CC BY-SA 3.0,
ug-map-colombia.png,https://commons.wikimedia.org/wiki/File:Colombia_in_its_region.svg,CC BY-SA 3.0,
ug-map-comoros.png,https://commons.wikimedia.org/wiki/File:Comoros_in_its_region.svg,CC BY-SA 3.0,
ug-map-cook_islands.png,https://commons.wikimedia.org/wiki/File:Cook_Islands_in_its_region.svg,CC BY-SA 3.0,
ug-map-coral_sea.png,not upstreamed yet,CC BY-SA 3.0,
ug-map-corsica.png,https://commons.wikimedia.org/wiki/File:Corsica_in_its_region.svg,CC BY-SA 3.0,
ug-map-costa_rica.png,https://commons.wikimedia.org/wiki/File:Costa_Rica_in_its_region.svg,CC BY-SA 3.0,
ug-map-croatia.png,https://commons.wikimedia.org/wiki/File:Croatia_in_its_region.svg,CC BY-SA 3.0,
ug-map-cuba.png,https://commons.wikimedia.org/wiki/File:Cuba_in_its_region.svg,CC BY-SA 3.0,
ug-map-curacao.png,https://commons.wikimedia.org/wiki/File:Curacao_in_its_region_(zoom).svg,CC BY-SA 3.0,colours adjusted for consistency
ug-map-cyprus.png,https://commons.wikimedia.org/wiki/File:Cyprus_in_its_region_(claimed_hatched).svg,CC BY-SA 3.0,
ug-map-czech_republic.png,https://commons.wikimedia.org/wiki/File:Czech_Republic_in_its_region.svg,CC BY-SA 3.0,
ug-map-dead_sea.png,https://commons.wikimedia.org/wiki/File:Dead_Sea_in_its_region_(-mini_map_-rivers)_(zoom_%2B_special_marker).svg,CC BY-SA 3.0,
ug-map-democratic_republic_of_the_congo.png,https://commons.wikimedia.org/wiki/File:Democratic_Republic_of_the_Congo_in_its_region.svg,CC BY-SA 3.0,
ug-map-denmark.png,https://commons.wikimedia.org/wiki/File:Denmark_in_its_region.svg,CC BY-SA 3.0,
ug-map-denmark_strait.png,not upstreamed yet,CC BY-SA 3.0,
ug-map-djibouti.png,https://commons.wikimedia.org/wiki/File:Djibouti_in_its_region.svg,CC BY-SA 3.0,
ug-map-dominica.png,"https://commons.wikimedia.org/wiki/File:Dominica_in_its_region.svg",CC BY-SA 3.0,"zoom box added"
ug-map-dominican_republic.png,https://commons.wikimedia.org/wiki/File:Dominican_Republic_in_its_region.svg,CC BY-SA 3.0,
ug-map-east_siberian_sea.png,not upstreamed yet,CC BY-SA 3.0,
ug-map-east_timor.png,https://commons.wikimedia.org/wiki/File:East_Timor_in_its_region.svg,CC BY-SA 3.0,
ug-map-ecuador.png,https://commons.wikimedia.org/wiki/File:Ecuador_in_its_region.svg,CC BY-SA 3.0,
ug-map-egypt.png,https://commons.wikimedia.org/wiki/File:Egypt_in_its_region_(claimed_hatched).svg,CC BY-SA 3.0,
ug-map-el_salvador.png,https://commons.wikimedia.org/wiki/File:El_Salvador_in_its_region.svg,CC BY-SA 3.0,
ug-map-england.png,https://commons.wikimedia.org/wiki/File:England_in_Europe.svg,CC BY-SA 4.0,
ug-map-english_channel.png,not upstreamed yet,CC BY-SA 3.0,
ug-map-equatorial_guinea.png,https://commons.wikimedia.org/wiki/File:Equatorial_Guinea_in_its_region.svg,CC BY-SA 3.0,
ug-map-eritrea.png,https://commons.wikimedia.org/wiki/File:Eritrea_in_its_region.svg,CC BY-SA 3.0,
ug-map-estonia.png,https://commons.wikimedia.org/wiki/File:Estonia_in_its_region.svg,CC BY-SA 3.0,
ug-map-eswatini.png,https://commons.wikimedia.org/wiki/File:Swaziland_in_its_region.svg,CC BY-SA 3.0,
ug-map-ethiopia.png,https://commons.wikimedia.org/wiki/File:Ethiopia_in_its_region.svg,CC BY-SA 3.0,
ug-map-europe-nobox.png,https://commons.wikimedia.org/wiki/File:Europe_in_the_world_(red)_(W3).svg,CC BY-SA 3.0,grid removed
ug-map-european_union.png,https://commons.wikimedia.org/wiki/File:European_Union_in_its_region.svg,CC BY-SA 3.0,
ug-map-falkland_islands.png,https://commons.wikimedia.org/wiki/File:Falkland_Islands_in_its_region_(zoom).svg,CC BY-SA 3.0,
ug-map-faroe_islands.png,https://commons.wikimedia.org/wiki/File:Faroe_Islands_in_its_region.svg,CC BY-SA 3.0,
ug-map-federated_states_of_micronesia.png,https://commons.wikimedia.org/wiki/File:Micronesia_in_its_region.svg,CC BY-SA 3.0,
ug-map-fiji.png,https://commons.wikimedia.org/wiki/File:Fiji_in_its_region_(special_marker).svg,CC BY-SA 3.0,
ug-map-finland.png,https://commons.wikimedia.org/wiki/File:Finland_in_its_region.svg,CC BY-SA 3.0,
ug-map-france.png,https://commons.wikimedia.org/wiki/File:France_in_its_region.svg,CC BY-SA 3.0,
ug-map-french_guiana.png,https://commons.wikimedia.org/wiki/File:French_Guiana_in_its_region.svg,CC BY-SA 3.0,
ug-map-french_polynesia.png,https://commons.wikimedia.org/wiki/File:French_Polynesia_in_its_region.svg,CC BY-SA 3.0,
ug-map-gabon.png,https://commons.wikimedia.org/wiki/File:Gabon_in_its_region.svg,CC BY-SA 3.0,
ug-map-georgia.png,https://commons.wikimedia.org/wiki/File:Georgia_in_its_region_(claimed_hatched).svg,CC BY-SA 3.0,
ug-map-germany.png,https://commons.wikimedia.org/wiki/File:Germany_in_its_region.svg,CC BY-SA 3.0,
ug-map-ghana.png,https://commons.wikimedia.org/wiki/File:Ghana_in_its_region.svg,CC BY-SA 3.0,
ug-map-gibraltar.png,https://commons.wikimedia.org/wiki/File:Gibraltar_in_its_region.svg,CC BY-SA 3.0,
ug-map-greece.png,https://commons.wikimedia.org/wiki/File:Greece_in_its_region.svg,CC BY-SA 3.0,
ug-map-greenland.png,https://commons.wikimedia.org/wiki/File:Greenland_in_the_Kingdom_of_Denmark.svg,CC BY-SA 3.0,colours adjusted
ug-map-grenada.png,https://commons.wikimedia.org/wiki/File:Grenada_in_its_region.svg,CC BY-SA 3.0,zoom box added
ug-map-guadeloupe.png,https://commons.wikimedia.org/wiki/File:Guadeloupe_in_its_region.svg,CC BY-SA 3.0,zoom box added
ug-map-guam.png,https://commons.wikimedia.org/wiki/File:Guam_in_its_region.svg,CC BY-SA 3.0,
ug-map-guatemala.png,https://commons.wikimedia.org/wiki/File:Guatemala_in_its_region.svg,CC BY-SA 3.0,
ug-map-guernsey.png,https://commons.wikimedia.org/wiki/File:Guernsey_in_its_region.svg,CC BY-SA 3.0,
ug-map-guinea-bissau.png,https://commons.wikimedia.org/wiki/File:Guinea-Bissau_in_its_region.svg,CC BY-SA 3.0,
ug-map-guinea.png,https://commons.wikimedia.org/wiki/File:Guinea_in_its_region.svg,CC BY-SA 3.0,
ug-map-gulf_of_california.png,not upstreamed yet,CC BY-SA 3.0,
ug-map-gulf_of_carpentaria.png,not upstreamed yet,CC BY-SA 3.0,
ug-map-gulf_of_mexico.png,not upstreamed yet,CC BY-SA 3.0,
ug-map-gulf_of_thailand.png,not upstreamed yet,CC BY-SA 3.0,
ug-map-guyana.png,https://commons.wikimedia.org/wiki/File:Guyana_in_its_region.svg,CC BY-SA 3.0,
ug-map-haiti.png,https://commons.wikimedia.org/wiki/File:Haiti_in_its_region.svg,CC BY-SA 3.0,
ug-map-honduras.png,https://commons.wikimedia.org/wiki/File:Honduras_in_its_region.svg,CC BY-SA 3.0,
ug-map-hong_kong.png,https://commons.wikimedia.org/wiki/File:Hong_Kong_in_its_region.svg,CC BY-SA 3.0,
ug-map-hudson_bay.png,not upstreamed yet,CC BY-SA 3.0,
ug-map-hungary.png,https://commons.wikimedia.org/wiki/File:Hungary_in_its_region.svg,CC BY-SA 3.0,
ug-map-iceland.png,https://commons.wikimedia.org/wiki/File:Iceland_in_its_region.svg,CC BY-SA 3.0,
ug-map-india.png,https://commons.wikimedia.org/wiki/File:India_in_its_region_(claimed_and_disputed_hatched).svg,CC BY-SA 3.0,
ug-map-indian_ocean-nobox.png,https://commons.wikimedia.org/wiki/File:Indian_Ocean_in_the_world_(blue)_(W3)_(CWF).svg,CC BY-SA 4.0,
ug-map-indonesia.png,https://commons.wikimedia.org/wiki/File:Indonesia_in_its_region.svg,CC BY-SA 3.0,
ug-map-iran.png,https://commons.wikimedia.org/wiki/File:Iran_in_its_region.svg,CC BY-SA 3.0,
ug-map-iraq.png,https://commons.wikimedia.org/wiki/File:Iraq_in_its_region.svg,CC BY-SA 3.0,
ug-map-ireland.png,https://commons.wikimedia.org/wiki/File:Ireland_in_its_region.svg,CC BY-SA 3.0,
ug-map-isle_of_man.png,https://commons.wikimedia.org/wiki/File:Isle_of_Man_in_its_region.svg,CC BY-SA 3.0,
ug-map-israel.png,https://commons.wikimedia.org/wiki/File:Israel_in_its_region_(de-facto_and_Palestinian_territory_hatched).svg,CC BY-SA 3.0,
ug-map-italy.png,https://commons.wikimedia.org/wiki/File:Italy_in_its_region.svg,CC BY-SA 3.0,
ug-map-ivory_coast.png,https://commons.wikimedia.org/wiki/File:Cote_d_Ivoire_in_its_region.svg,CC BY-SA 3.0,
ug-map-jamaica.png,https://commons.wikimedia.org/wiki/File:Jamaica_in_its_region.svg,CC BY-SA 3.0,
ug-map-japan.png,https://commons.wikimedia.org/wiki/File:Japan_in_its_region_(claimed_hatched).svg,CC BY-SA 3.0,
ug-map-java.png,https://commons.wikimedia.org/wiki/File:Java_in_its_region.svg,CC BY-SA 4.0,
ug-map-jersey.png,https://commons.wikimedia.org/wiki/File:Jersey_in_its_region.svg,CC BY-SA 3.0,
ug-map-jordan.png,https://commons.wikimedia.org/wiki/File:Jordan_in_its_region.svg,CC BY-SA 3.0,
ug-map-kaliningrad_oblast.png,https://commons.wikimedia.org/wiki/File:Kaliningrad_in_its_region.svg,CC BY-SA 3.0,
ug-map-kazakhstan.png,https://commons.wikimedia.org/wiki/File:Kazakhstan_in_its_region.svg,CC BY-SA 3.0,
ug-map-kenya.png,https://commons.wikimedia.org/wiki/File:Kenya_in_its_region_(disputed_hatched).svg,CC BY-SA 3.0,
ug-map-kiribati.png,https://commons.wikimedia.org/wiki/File:Kiribati_in_its_region.svg,CC BY-SA 3.0,
ug-map-kosovo.png,https://commons.wikimedia.org/wiki/File:Kosovo_in_its_region.svg,CC BY-SA 3.0,
ug-map-kuwait.png,https://commons.wikimedia.org/wiki/File:Kuwait_in_its_region.svg,CC BY-SA 3.0,
ug-map-kyrgyzstan.png,https://commons.wikimedia.org/wiki/File:Kyrgyzstan_in_its_region.svg,CC BY-SA 3.0,
ug-map-labrador_sea.png,not upstreamed yet,CC BY-SA 3.0,
ug-map-laos.png,https://commons.wikimedia.org/wiki/File:Laos_in_its_region.svg,CC BY-SA 3.0,
ug-map-latvia.png,https://commons.wikimedia.org/wiki/File:Latvia_in_its_region.svg,CC BY-SA 3.0,
ug-map-lebanon.png,https://commons.wikimedia.org/wiki/File:Lebanon_in_its_region.svg,CC BY-SA 3.0,
ug-map-lesotho.png,https://commons.wikimedia.org/wiki/File:Lesotho_in_its_region.svg,CC BY-SA 3.0,
ug-map-liberia.png,https://commons.wikimedia.org/wiki/File:Liberia_in_its_region.svg,CC BY-SA 3.0,
ug-map-libya.png,https://commons.wikimedia.org/wiki/File:Libya_in_its_region.svg,CC BY-SA 3.0,
ug-map-liechtenstein.png,https://commons.wikimedia.org/wiki/File:Liechtenstein_in_its_region.svg,CC BY-SA 3.0,
ug-map-lithuania.png,https://commons.wikimedia.org/wiki/File:Lithuania_in_its_region.svg,CC BY-SA 3.0,
ug-map-luxembourg.png,https://commons.wikimedia.org/wiki/File:Luxembourg_in_its_region.svg,CC BY-SA 3.0,
ug-map-macau.png,https://commons.wikimedia.org/wiki/File:Macau_in_its_region.svg,CC BY-SA 3.0,
ug-map-madagascar.png,https://commons.wikimedia.org/wiki/File:Madagascar_in_its_region.svg,CC BY-SA 3.0,
ug-map-madeira.png,https://commons.wikimedia.org/wiki/File:Madeira_in_its_region.svg,CC BY-SA 3.0,
ug-map-malawi.png,https://commons.wikimedia.org/wiki/File:Malawi_in_its_region.svg,CC BY-SA 3.0,
ug-map-malaysia.png,https://commons.wikimedia.org/wiki/File:Malaysia_in_its_region.svg,CC BY-SA 3.0,
ug-map-maldives.png,https://commons.wikimedia.org/wiki/File:Maldives_in_its_region_(small_islands_magnified).svg,CC BY-SA 3.0,
ug-map-mali.png,https://commons.wikimedia.org/wiki/File:Mali_in_its_region.svg,CC BY-SA 3.0,
ug-map-malta.png,https://commons.wikimedia.org/wiki/File:Malta_in_its_region_(special_marker).svg,CC BY-SA 3.0,
ug-map-marshall_islands.png,https://commons.wikimedia.org/wiki/File:Marshall_Islands_in_its_region.svg,CC BY-SA 3.0,
ug-map-martinique.png,https://commons.wikimedia.org/wiki/File:Martinique_in_its_region.svg,CC BY-SA 3.0,zoom box added
ug-map-mauritania.png,https://commons.wikimedia.org/wiki/File:Mauritania_in_its_region.svg,CC BY-SA 3.0,
ug-map-mauritius.png,https://commons.wikimedia.org/wiki/File:Mauritius_in_its_region.svg,CC BY-SA 3.0,
ug-map-mayotte.png,https://commons.wikimedia.org/wiki/File:Mayotte_in_its_region.svg,CC BY-SA 3.0,
ug-map-mediterranean_sea.png,not upstreamed yet,CC BY-SA 3.0,
ug-map-melanesia.png,https://commons.wikimedia.org/wiki/File:Oceania_UN_Geoscheme_Regions_with_no_text.svg,CC BY 3.0,colours adjusted
ug-map-mexico.png,https://commons.wikimedia.org/wiki/File:Mexico_in_its_region.svg,CC BY-SA 3.0,
ug-map-micronesia.png,https://commons.wikimedia.org/wiki/File:Oceania_UN_Geoscheme_Regions_with_no_text.svg,CC BY 3.0,colours adjusted
ug-map-moldova.png,https://commons.wikimedia.org/wiki/File:Moldova_in_its_region_(claimed_hatched).svg,CC BY-SA 3.0,
ug-map-monaco.png,https://commons.wikimedia.org/wiki/File:Monaco_in_its_region.svg,CC BY-SA 3.0,
ug-map-mongolia.png,https://commons.wikimedia.org/wiki/File:Mongolia_in_its_region.svg,CC BY-SA 3.0,
ug-map-montenegro.png,https://commons.wikimedia.org/wiki/File:Montenegro_in_its_region.svg,CC BY-SA 3.0,
ug-map-morocco.png,https://commons.wikimedia.org/wiki/File:Morocco_in_its_region_(de-facto_and_disputed_hatched).svg,CC BY-SA 3.0,
ug-map-mozambique.png,https://commons.wikimedia.org/wiki/File:Mozambique_in_its_region.svg,CC BY-SA 3.0,
ug-map-myanmar.png,https://commons.wikimedia.org/wiki/File:Myanmar_in_its_region.svg,CC BY-SA 3.0,
ug-map-namibia.png,https://commons.wikimedia.org/wiki/File:Namibia_in_its_region.svg,CC BY-SA 3.0,
ug-map-nauru.png,https://commons.wikimedia.org/wiki/File:Nauru_in_its_region.svg,CC BY-SA 3.0,
ug-map-nepal.png,https://commons.wikimedia.org/wiki/File:Nepal_in_its_region.svg,CC BY-SA 3.0,
ug-map-netherlands.png,https://commons.wikimedia.org/wiki/File:Netherlands_in_its_region.svg,CC BY-SA 3.0,
ug-map-new_caledonia.png,https://commons.wikimedia.org/wiki/File:New_Caledonia_in_its_region_(special_marker).svg,CC BY-SA 3.0,
ug-map-new_zealand.png,https://commons.wikimedia.org/wiki/File:New_Zealand_in_its_region.svg,CC BY-SA 3.0,
ug-map-nicaragua.png,https://commons.wikimedia.org/wiki/File:Nicaragua_in_its_region.svg,CC BY-SA 3.0,
ug-map-niger.png,https://commons.wikimedia.org/wiki/File:Niger_in_its_region.svg,CC BY-SA 3.0,
ug-map-nigeria.png,https://commons.wikimedia.org/wiki/File:Nigeria_in_its_region.svg,CC BY-SA 3.0,
ug-map-niue.png,https://commons.wikimedia.org/wiki/File:Niue_in_its_region.svg,CC BY-SA 3.0,
ug-map-north_america-nobox.png,https://commons.wikimedia.org/wiki/File:North_America_in_the_world_(red)_(W3).svg,CC BY-SA 3.0,grid removed
ug-map-north_korea.png,https://commons.wikimedia.org/wiki/File:North_Korea_in_its_region.svg,CC BY-SA 3.0,
ug-map-north_macedonia.png,https://commons.wikimedia.org/wiki/File:Macedonia_in_its_region.svg,CC BY-SA 3.0,
ug-map-northern_cyprus.png,https://commons.wikimedia.org/wiki/File:Northern_Cyprus_in_its_region_(de-facto).svg,CC BY-SA 3.0,
ug-map-northern_ireland.png,https://commons.wikimedia.org/wiki/File:Northern_Ireland_in_Europe.svg,CC BY-SA 4.0,
ug-map-northern_mariana_islands.png,https://commons.wikimedia.org/wiki/File:Northern_Mariana_Islands_in_its_region.svg,CC BY-SA 3.0,
ug-map-norway.png,https://commons.wikimedia.org/wiki/File:Norway_in_its_region.svg,CC BY-SA 3.0,
ug-map-norwegian_sea.png,not upstreamed yet,CC BY-SA 3.0,
ug-map-oceania-nobox.png,https://commons.wikimedia.org/wiki/File:Oceania_in_the_world_(red)_(W3).svg,CC BY-SA 3.0,grid removed
ug-map-oman.png,https://commons.wikimedia.org/wiki/File:Oman_in_its_region.svg,CC BY-SA 3.0,
ug-map-pacific_ocean-nobox.png,https://commons.wikimedia.org/wiki/File:Pacific_Ocean_in_the_world_(blue)_(W3_Pacific)_(CWF).svg,CC BY-SA 4.0,
ug-map-pakistan.png,https://commons.wikimedia.org/wiki/File:Pakistan_in_its_region_(claimed_and_disputed_hatched).svg,CC BY-SA 3.0,
ug-map-palau.png,https://commons.wikimedia.org/wiki/File:Palau_in_its_region.svg,CC BY-SA 3.0,
ug-map-palestine.png,https://commons.wikimedia.org/wiki/File:Palestine_in_its_region.svg,CC BY-SA 3.0,
ug-map-panama.png,https://commons.wikimedia.org/wiki/File:Panama_in_its_region.svg,CC BY-SA 3.0,
ug-map-papua_new_guinea.png,https://commons.wikimedia.org/wiki/File:Papua_New_Guinea_in_its_region.svg,CC BY-SA 3.0,
ug-map-paraguay.png,https://commons.wikimedia.org/wiki/File:Paraguay_in_its_region.svg,CC BY-SA 3.0,
ug-map-persian_gulf.png,not upstreamed yet,CC BY-SA 3.0,
ug-map-peru.png,https://commons.wikimedia.org/wiki/File:Peru_in_its_region.svg,CC BY-SA 3.0,
ug-map-philippine_sea.png,not upstreamed yet,CC BY-SA 3.0,
ug-map-philippines.png,https://commons.wikimedia.org/wiki/File:Philippines_in_its_region.svg,CC BY-SA 3.0,
ug-map-poland.png,https://commons.wikimedia.org/wiki/File:Poland_in_its_region.svg,CC BY-SA 3.0,
ug-map-polynesia.png,https://commons.wikimedia.org/wiki/File:Oceania_UN_Geoscheme_Regions_with_no_text.svg,CC BY 3.0,colours adjusted
ug-map-portugal.png,https://commons.wikimedia.org/wiki/File:Portugal_in_its_region_(mainland).svg,CC BY-SA 3.0,
ug-map-puerto_rico.png,https://commons.wikimedia.org/wiki/File:Puerto_Rico_in_its_region.svg,CC BY-SA 3.0,
ug-map-qatar.png,https://commons.wikimedia.org/wiki/File:Qatar_in_its_region.svg,CC BY-SA 3.0,
ug-map-red_sea.png,not upstreamed yet,CC BY-SA 3.0,
ug-map-republic_of_artsakh.png,https://commons.wikimedia.org/wiki/File:Artsakh_in_its_region.svg,CC BY-SA 3.0,
ug-map-republic_of_the_congo.png,https://commons.wikimedia.org/wiki/File:Republic_of_the_Congo_in_its_region.svg,CC BY-SA 3.0,
ug-map-reunion.png,https://commons.wikimedia.org/wiki/File:Reunion_in_its_region.svg,CC BY-SA 3.0,
ug-map-romania.png,https://commons.wikimedia.org/wiki/File:Romania_in_its_region.svg,CC BY-SA 3.0,
ug-map-russia.png,https://commons.wikimedia.org/wiki/File:Russia_in_its_region_(%2Bclaims_hatched).svg,CC BY-SA 3.0,
ug-map-rwanda.png,https://commons.wikimedia.org/wiki/File:Rwanda_in_its_region.svg,CC BY-SA 3.0,
ug-map-sahrawi_arab_democratic_republic.png,https://commons.wikimedia.org/wiki/File:Sahrawi_Arab_Democratic_Republic_in_its_region_(claimed_hatched).svg,CC BY-SA 3.0,
ug-map-saint_kitts_and_nevis.png,https://commons.wikimedia.org/wiki/File:Saint_Kitts_and_Nevis_in_its_region_(zoomed).svg,CC BY-SA 3.0,colours adjusted for consistency
ug-map-saint_lucia.png,https://commons.wikimedia.org/wiki/File:Saint_Lucia_in_its_region.svg,CC BY-SA 3.0,zoom box added
ug-map-saint_martin.png,https://commons.wikimedia.org/wiki/File:Saint_Martin_in_its_region_(zoom).svg,CC BY-SA 3.0,"colours adjusted for consistency, zoom box moved"
ug-map-saint_vincent_and_the_grenadines.png,https://commons.wikimedia.org/wiki/File:Saint_Vincent_and_the_Grenadines_in_its_region.svg,CC BY-SA 3.0,zoom box added
ug-map-samoa.png,https://commons.wikimedia.org/wiki/File:Samoa_in_its_region.svg,CC BY-SA 3.0,
ug-map-san_marino.png,https://commons.wikimedia.org/wiki/File:San_Marino_in_its_region.svg,CC BY-SA 3.0,
ug-map-sao_tome_and_principe.png,https://commons.wikimedia.org/wiki/File:Sao_Tome_and_Principe_in_its_region.svg,CC BY-SA 3.0,
ug-map-sardinia.png,https://commons.wikimedia.org/wiki/File:Sardinia_in_its_region.svg,CC BY-SA 3.0,
ug-map-saudi_arabia.png,https://commons.wikimedia.org/wiki/File:Saudi_Arabia_in_its_region.svg,CC BY-SA 3.0,
ug-map-scandinavia.png,https://commons.wikimedia.org/wiki/File:Scandinavia_in_its_region.svg,CC BY-SA 3.0,
ug-map-scotland.png,https://commons.wikimedia.org/wiki/File:Scotland_in_Europe.svg,CC BY-SA 4.0,
ug-map-sea_of_galilee.png,https://commons.wikimedia.org/wiki/File:Sea_of_Galilee_in_its_region_(-mini_map_-rivers)_(zoom_%2B_special_marker).svg,CC BY-SA 3.0,
ug-map-sea_of_japan.png,not upstreamed yet,CC BY-SA 3.0,
ug-map-senegal.png,https://commons.wikimedia.org/wiki/File:Senegal_in_its_region.svg,CC BY-SA 3.0,
ug-map-serbia.png,https://commons.wikimedia.org/wiki/File:Serbia_in_its_region_(claimed_hatched).svg,CC BY-SA 3.0,
ug-map-seychelles.png,https://commons.wikimedia.org/wiki/File:Seychelles_in_its_region_(small_islands_magnified).svg,CC BY-SA 3.0,
ug-map-sicily.png,https://commons.wikimedia.org/wiki/File:Sicily_in_its_region.svg,CC BY-SA 3.0,
ug-map-sierra_leone.png,https://commons.wikimedia.org/wiki/File:Sierra_Leone_in_its_region.svg,CC BY-SA 3.0,
ug-map-singapore.png,https://commons.wikimedia.org/wiki/File:Singapore_in_its_region_(special_marker).svg,CC BY-SA 3.0,
ug-map-sint_maarten.png,https://commons.wikimedia.org/wiki/File:Sint_Maarten_in_its_region_(zoom).svg,CC BY-SA 3.0,"colours adjusted for consistency, zoom box moved"
ug-map-slovakia.png,https://commons.wikimedia.org/wiki/File:Slovakia_in_its_region.svg,CC BY-SA 3.0,
ug-map-slovenia.png,https://commons.wikimedia.org/wiki/File:Slovenia_in_its_region.svg,CC BY-SA 3.0,
ug-map-solomon_islands.png,https://commons.wikimedia.org/wiki/File:Solomon_Islands_in_its_region_(special_marker).svg,CC BY-SA 3.0,
ug-map-somalia.png,https://commons.wikimedia.org/wiki/File:Somalia_in_its_region_(claimed_hatched).svg,CC BY-SA 3.0,
ug-map-somaliland.png,https://commons.wikimedia.org/wiki/File:Somaliland_in_its_region_(de-facto).svg,CC BY-SA 3.0,
ug-map-south_africa.png,https://commons.wikimedia.org/wiki/File:South_Africa_in_its_region.svg,CC BY-SA 3.0,
ug-map-south_america-nobox.png,https://commons.wikimedia.org/wiki/File:South_America_in_the_world_(red)_(W3).svg,CC BY-SA 3.0,grid removed
ug-map-south_china_sea.png,not upstreamed yet,CC BY-SA 3.0,
ug-map-south_korea.png,https://commons.wikimedia.org/wiki/File:South_Korea_in_its_region.svg,CC BY-SA 3.0,
ug-map-south_ossetia.png,https://commons.wikimedia.org/wiki/File:South_Ossetia_in_its_region.svg,CC BY-SA 3.0,
ug-map-south_sudan.png,https://commons.wikimedia.org/wiki/File:South_Sudan_in_its_region_(claimed_hatched).svg,CC BY-SA 3.0,
ug-map-southern_ocean-nobox.png,https://commons.wikimedia.org/wiki/File:Southern_Ocean_in_the_world_(blue)_(W3)_(CWF).svg,CC BY-SA 4.0,
ug-map-spain.png,https://commons.wikimedia.org/wiki/File:Spain_in_its_region_(mainland).svg,CC BY-SA 3.0,
ug-map-sri_lanka.png,https://commons.wikimedia.org/wiki/File:Sri_Lanka_in_its_region.svg,CC BY-SA 3.0,
ug-map-sudan.png,https://commons.wikimedia.org/wiki/File:Sudan_in_its_region_(claimed_hatched).svg,CC BY-SA 3.0,
ug-map-sumatra.png,https://commons.wikimedia.org/wiki/File:Sumatra_in_its_region.svg,CC BY-SA 4.0,
ug-map-suriname.png,https://commons.wikimedia.org/wiki/File:Suriname_in_its_region.svg,CC BY-SA 3.0,
ug-map-svalbard.png,https://commons.wikimedia.org/wiki/File:Svalbard_in_its_region.svg,CC BY-SA 3.0,zoom adjusted
ug-map-sweden.png,https://commons.wikimedia.org/wiki/File:Sweden_in_its_region.svg,CC BY-SA 3.0,
ug-map-switzerland.png,https://commons.wikimedia.org/wiki/File:Switzerland_in_its_region.svg,CC BY-SA 3.0,
ug-map-syria.png,https://commons.wikimedia.org/wiki/File:Syria_in_its_region_(claimed_hatched).svg,CC BY-SA 3.0,
ug-map-taiwan.png,https://commons.wikimedia.org/wiki/File:Taiwan_in_its_region.svg,CC BY-SA 3.0,
ug-map-tajikistan.png,https://commons.wikimedia.org/wiki/File:Tajikistan_in_its_region.svg,CC BY-SA 3.0,
ug-map-tanzania.png,https://commons.wikimedia.org/wiki/File:Tanzania_in_its_region.svg,CC BY-SA 3.0,
ug-map-tasman_sea.png,not upstreamed yet,CC BY-SA 3.0,
ug-map-thailand.png,https://commons.wikimedia.org/wiki/File:Thailand_in_its_region.svg,CC BY-SA 3.0,
ug-map-the_bahamas.png,https://commons.wikimedia.org/wiki/File:Bahamas_in_its_region_(special_marker).svg,CC BY-SA 3.0,
ug-map-the_gambia.png,https://commons.wikimedia.org/wiki/File:Gambia_in_its_region.svg,CC BY-SA 3.0,
ug-map-togo.png,https://commons.wikimedia.org/wiki/File:Togo_in_its_region.svg,CC BY-SA 3.0,
ug-map-tonga.png,https://commons.wikimedia.org/wiki/File:Tonga_in_its_region.svg,CC BY-SA 3.0,
ug-map-transnistria.png,https://commons.wikimedia.org/wiki/File:Transnistria_in_its_region_(special_marker).svg,CC BY-SA 3.0,
ug-map-trinidad_and_tobago.png,https://commons.wikimedia.org/wiki/File:Trinidad_and_Tobago_in_its_region_(zoom).svg,CC BY-SA 3.0,"colours adjusted for consistency, zoom box moved"
ug-map-tunisia.png,https://commons.wikimedia.org/wiki/File:Tunisia_in_its_region.svg,CC BY-SA 3.0,
ug-map-turkey.png,https://commons.wikimedia.org/wiki/File:Turkey_in_its_region.svg,CC BY-SA 3.0,
ug-map-turkmenistan.png,https://commons.wikimedia.org/wiki/File:Turkmenistan_in_its_region.svg,CC BY-SA 3.0,
ug-map-turks_and_caicos_islands.png,https://commons.wikimedia.org/wiki/File:Turks_and_Caicos_Islands_in_its_region.svg,CC BY-SA 3.0,
ug-map-tuvalu.png,https://commons.wikimedia.org/wiki/File:Tuvalu_in_its_region.svg,CC BY-SA 3.0,
ug-map-uganda.png,https://commons.wikimedia.org/wiki/File:Uganda_in_its_region.svg,CC BY-SA 3.0,
ug-map-ukraine.png,https://commons.wikimedia.org/wiki/File:Ukraine_(claims_hatched)_in_its_region.svg,CC BY-SA 3.0,
ug-map-united_arab_emirates.png,https://commons.wikimedia.org/wiki/File:United_Arab_Emirates_in_its_region.svg,CC BY-SA 3.0,
ug-map-united_kingdom.png,https://commons.wikimedia.org/wiki/File:United_Kingdom_in_its_region.svg,CC BY-SA 3.0,
ug-map-united_states_of_america.png,https://commons.wikimedia.org/wiki/File:United_States_in_its_region.svg,CC BY-SA 3.0,
ug-map-united_states_virgin_islands.png,https://commons.wikimedia.org/wiki/File:United_States_Virgin_Islands_in_its_region_(zoom).svg,CC BY-SA 3.0,"colours adjusted for consistency, zoom box moved"
ug-map-uruguay.png,https://commons.wikimedia.org/wiki/File:Uruguay_in_its_region.svg,CC BY-SA 3.0,
ug-map-uzbekistan.png,https://commons.wikimedia.org/wiki/File:Uzbekistan_in_its_region.svg,CC BY-SA 3.0,
ug-map-vanuatu.png,https://commons.wikimedia.org/wiki/File:Vanuatu_in_its_region.svg,CC BY-SA 3.0,
ug-map-vatican_city.png,https://commons.wikimedia.org/wiki/File:Vatican_in_its_region.svg,CC BY-SA 3.0,
ug-map-venezuela.png,https://commons.wikimedia.org/wiki/File:Venezuela_in_its_region.svg,CC BY-SA 3.0,
ug-map-vietnam.png,https://commons.wikimedia.org/wiki/File:Vietnam_in_its_region.svg,CC BY-SA 3.0,
ug-map-wales.png,https://commons.wikimedia.org/wiki/File:Wales_in_Europe.svg,CC BY-SA 4.0,
ug-map-wallis_and_futuna.png,https://commons.wikimedia.org/wiki/File:Wallis_and_Futuna_in_its_region.svg,CC BY-SA 3.0,
ug-map-white_sea.png,not upstreamed yet,CC BY-SA 3.0,
ug-map-yellow_sea.png,not upstreamed yet,CC BY-SA 3.0,
ug-map-yemen.png,https://commons.wikimedia.org/wiki/File:Yemen_in_its_region.svg,CC BY-SA 3.0,
ug-map-zambia.png,https://commons.wikimedia.org/wiki/File:Zambia_in_its_region.svg,CC BY-SA 3.0,
ug-map-zanzibar.png,https://commons.wikimedia.org/wiki/File:Zanzibar_in_its_region_(special_marker).svg,CC BY-SA 3.0,
ug-map-zimbabwe.png,https://commons.wikimedia.org/wiki/File:Zimbabwe_in_its_region.svg,CC BY-SA 3.0,
