guid,country,flag,map,tags
e+/O]%*qfk,England,"<img src=""ug-flag-england.svg"" />","<img src=""ug-map-england.png"" />",UG::Europe
h~5xz+=ke~,Scotland,"<img src=""ug-flag-scotland.svg"" />","<img src=""ug-map-scotland.png"" />",UG::Europe
s9-GL*@AXD,United Kingdom,"<img src=""ug-flag-united_kingdom.svg"" />","<img src=""ug-map-united_kingdom.png"" />","UG::Europe, UG::European_Union, UG::Sovereign_State"
cPO|Cru8n<,Northern Ireland,,"<img src=""ug-map-northern_ireland.png"" />",UG::Europe
m*#%sE.`.;,France,"<img src=""ug-flag-france.svg"" />","<img src=""ug-map-france.png"" />","UG::Europe, UG::European_Union, UG::Mediterranean, UG::Sovereign_State"
hNE9}>;Q&-,Wales,"<img src=""ug-flag-wales.svg"" />","<img src=""ug-map-wales.png"" />",UG::Europe
jN|NAUP*h},Georgia,"<img src=""ug-flag-georgia.svg"" />","<img src=""ug-map-georgia.png"" />","UG::Europe, UG::Sovereign_State"
"j|z@PMgdx,",Germany,"<img src=""ug-flag-germany.svg"" />","<img src=""ug-map-germany.png"" />","UG::Europe, UG::European_Union, UG::Sovereign_State"
n+t>2`:;P/,Greece,"<img src=""ug-flag-greece.svg"" />","<img src=""ug-map-greece.png"" />","UG::Europe, UG::European_Union, UG::Mediterranean, UG::Sovereign_State"
ilGtw#=asM,Greenland,"<img src=""ug-flag-greenland.svg"" />","<img src=""ug-map-greenland.png"" />",UG::North_America
mcc&0Kq^xE,Hungary,"<img src=""ug-flag-hungary.svg"" />","<img src=""ug-map-hungary.png"" />","UG::Europe, UG::European_Union, UG::Sovereign_State"
gz9${p}er*,Albania,"<img src=""ug-flag-albania.svg"" />","<img src=""ug-map-albania.png"" />","UG::Europe, UG::Mediterranean, UG::Sovereign_State"
dY96`C-f(_,Andorra,"<img src=""ug-flag-andorra.png"" />","<img src=""ug-map-andorra.png"" />","UG::Europe, UG::Sovereign_State"
r>aI-$$|wT,Austria,"<img src=""ug-flag-austria.svg"" />","<img src=""ug-map-austria.png"" />","UG::Europe, UG::European_Union, UG::Sovereign_State"
"k9E.p^<u$,",Azerbaijan,"<img src=""ug-flag-azerbaijan.svg"" />","<img src=""ug-map-azerbaijan.png"" />","UG::Europe, UG::Sovereign_State"
l$zM~ihPFE,Belarus,"<img src=""ug-flag-belarus.svg"" />","<img src=""ug-map-belarus.png"" />","UG::Europe, UG::Sovereign_State"
jTNoKo}Bu+,Belgium,"<img src=""ug-flag-belgium.svg"" />","<img src=""ug-map-belgium.png"" />","UG::Europe, UG::European_Union, UG::Sovereign_State"
mz[>>AxIr4,Bosnia and Herzegovina,"<img src=""ug-flag-bosnia_and_herzegovina.svg"" />","<img src=""ug-map-bosnia_and_herzegovina.png"" />","UG::Europe, UG::Mediterranean, UG::Sovereign_State"
u4^lH.xem5,Bulgaria,"<img src=""ug-flag-bulgaria.svg"" />","<img src=""ug-map-bulgaria.png"" />","UG::Europe, UG::European_Union, UG::Sovereign_State"
bk2ByZIeU+,Croatia,"<img src=""ug-flag-croatia.png"" />","<img src=""ug-map-croatia.png"" />","UG::Europe, UG::European_Union, UG::Mediterranean, UG::Sovereign_State"
twrhzJ[k:Z,Czech Republic,"<img src=""ug-flag-czech_republic.svg"" />","<img src=""ug-map-czech_republic.png"" />","UG::Europe, UG::European_Union, UG::Sovereign_State"
kS)hDm%w}R,Denmark,"<img src=""ug-flag-denmark.svg"" />","<img src=""ug-map-denmark.png"" />","UG::Europe, UG::European_Union, UG::Sovereign_State"
"AES],s:8=",Estonia,"<img src=""ug-flag-estonia.svg"" />","<img src=""ug-map-estonia.png"" />","UG::Europe, UG::European_Union, UG::Sovereign_State"
k[)#L4.[v3,Faroe Islands,"<img src=""ug-flag-faroe_islands.svg"" />","<img src=""ug-map-faroe_islands.png"" />",UG::Europe
k}A9]O:0xw,Finland,"<img src=""ug-flag-finland.svg"" />","<img src=""ug-map-finland.png"" />","UG::Europe, UG::European_Union, UG::Sovereign_State"
j7eEZkzsCZ,Iceland,"<img src=""ug-flag-iceland.svg"" />","<img src=""ug-map-iceland.png"" />","UG::Europe, UG::Sovereign_State"
s<_WLSB3I/,Ireland,"<img src=""ug-flag-ireland.svg"" />","<img src=""ug-map-ireland.png"" />","UG::Europe, UG::European_Union, UG::Sovereign_State"
cYKvF#ptF7,Italy,"<img src=""ug-flag-italy.svg"" />","<img src=""ug-map-italy.png"" />","UG::Europe, UG::European_Union, UG::Mediterranean, UG::Sovereign_State"
m)WUtJS`H&,Latvia,"<img src=""ug-flag-latvia.svg"" />","<img src=""ug-map-latvia.png"" />","UG::Europe, UG::European_Union, UG::Sovereign_State"
l$2O|9w`F~,Liechtenstein,"<img src=""ug-flag-liechtenstein.svg"" />","<img src=""ug-map-liechtenstein.png"" />","UG::Europe, UG::Sovereign_State"
kZ52zV#[Iv,Lithuania,"<img src=""ug-flag-lithuania.svg"" />","<img src=""ug-map-lithuania.png"" />","UG::Europe, UG::European_Union, UG::Sovereign_State"
i2]v|D3@:j,Luxembourg,"<img src=""ug-flag-luxembourg.svg"" />","<img src=""ug-map-luxembourg.png"" />","UG::Europe, UG::European_Union, UG::Sovereign_State"
r5C646H*+*,North Macedonia,"<img src=""ug-flag-north_macedonia.svg"" />","<img src=""ug-map-north_macedonia.png"" />","UG::Europe, UG::Sovereign_State"
nIfRn<aY:N,Malta,"<img src=""ug-flag-malta.svg"" />","<img src=""ug-map-malta.png"" />","UG::Europe, UG::European_Union, UG::Mediterranean, UG::Sovereign_State"
5S(f7%O-$,Moldova,"<img src=""ug-flag-moldova.svg"" />","<img src=""ug-map-moldova.png"" />","UG::Europe, UG::Sovereign_State"
m?}%V6s8]*,Monaco,"<img src=""ug-flag-monaco.svg"" />","<img src=""ug-map-monaco.png"" />","UG::Europe, UG::Mediterranean, UG::Sovereign_State"
uRo^w#p5Be,Montenegro,"<img src=""ug-flag-montenegro.png"" />","<img src=""ug-map-montenegro.png"" />","UG::Europe, UG::Mediterranean, UG::Sovereign_State"
"o=,%hU&yX%",Netherlands,"<img src=""ug-flag-netherlands.svg"" />","<img src=""ug-map-netherlands.png"" />","UG::Europe, UG::European_Union, UG::Sovereign_State"
lq`T^ZBF2Y,Norway,"<img src=""ug-flag-norway.svg"" />","<img src=""ug-map-norway.png"" />","UG::Europe, UG::Sovereign_State"
f>c7x2E]Q6,Poland,"<img src=""ug-flag-poland.svg"" />","<img src=""ug-map-poland.png"" />","UG::Europe, UG::European_Union, UG::Sovereign_State"
"q[S4`,F0D=",Portugal,"<img src=""ug-flag-portugal.svg"" />","<img src=""ug-map-portugal.png"" />","UG::Europe, UG::European_Union, UG::Sovereign_State"
"jCd]`-=k,:",Romania,"<img src=""ug-flag-romania.svg"" />","<img src=""ug-map-romania.png"" />","UG::Europe, UG::European_Union, UG::Sovereign_State"
vf)G?[_?Pf,Russia,"<img src=""ug-flag-russia.svg"" />","<img src=""ug-map-russia.png"" />","UG::Europe, UG::Sovereign_State"
"j9:K,~DQ2v",San Marino,"<img src=""ug-flag-san_marino.png"" />","<img src=""ug-map-san_marino.png"" />","UG::Europe, UG::Sovereign_State"
ui3>b-?a@m,Serbia,"<img src=""ug-flag-serbia.png"" />","<img src=""ug-map-serbia.png"" />","UG::Europe, UG::Sovereign_State"
qVi;t%/`F|,Slovakia,"<img src=""ug-flag-slovakia.svg"" />","<img src=""ug-map-slovakia.png"" />","UG::Europe, UG::European_Union, UG::Sovereign_State"
g-]bb&[.E!,Slovenia,"<img src=""ug-flag-slovenia.svg"" />","<img src=""ug-map-slovenia.png"" />","UG::Europe, UG::European_Union, UG::Mediterranean, UG::Sovereign_State"
f21=-A~W;~,Spain,"<img src=""ug-flag-spain.svg"" />","<img src=""ug-map-spain.png"" />","UG::Europe, UG::European_Union, UG::Mediterranean, UG::Sovereign_State"
sT5=H|@KU|,Sweden,"<img src=""ug-flag-sweden.svg"" />","<img src=""ug-map-sweden.png"" />","UG::Europe, UG::European_Union, UG::Sovereign_State"
lU@C3<C8Wk,Switzerland,"<img src=""ug-flag-switzerland.svg"" />","<img src=""ug-map-switzerland.png"" />","UG::Europe, UG::Sovereign_State"
jDA-V?/hVj,Turkey,"<img src=""ug-flag-turkey.svg"" />","<img src=""ug-map-turkey.png"" />","UG::Asia, UG::Mediterranean, UG::Middle_East, UG::Sovereign_State"
h_9=mkZXAH,Ukraine,"<img src=""ug-flag-ukraine.svg"" />","<img src=""ug-map-ukraine.png"" />","UG::Europe, UG::Sovereign_State"
mk1VltJl<],Vatican City,"<img src=""ug-flag-vatican_city.svg"" />","<img src=""ug-map-vatican_city.png"" />","UG::Europe, UG::Sovereign_State"
"c(,2{yXI#E",Armenia,"<img src=""ug-flag-armenia.svg"" />","<img src=""ug-map-armenia.png"" />","UG::Europe, UG::Sovereign_State"
kkbYQXw5b;,Cyprus,"<img src=""ug-flag-cyprus.svg"" />","<img src=""ug-map-cyprus.png"" />","UG::Asia, UG::European_Union, UG::Mediterranean, UG::Middle_East, UG::Sovereign_State"
ia8as9sCY|,Kazakhstan,"<img src=""ug-flag-kazakhstan.svg"" />","<img src=""ug-map-kazakhstan.png"" />","UG::Asia, UG::Sovereign_State"
j%*8gN)q>d,Egypt,"<img src=""ug-flag-egypt.svg"" />","<img src=""ug-map-egypt.png"" />","UG::Africa, UG::Mediterranean, UG::Middle_East, UG::Sovereign_State"
bd~Ght5tLR,Algeria,"<img src=""ug-flag-algeria.svg"" />","<img src=""ug-map-algeria.png"" />","UG::Africa, UG::Mediterranean, UG::Sovereign_State"
onMKID2d;D,Angola,"<img src=""ug-flag-angola.svg"" />","<img src=""ug-map-angola.png"" />","UG::Africa, UG::Sovereign_State"
"q8fF$4,c6_",Benin,"<img src=""ug-flag-benin.svg"" />","<img src=""ug-map-benin.png"" />","UG::Africa, UG::Sovereign_State, UG::West_Africa"
upiX0g1quR,Botswana,"<img src=""ug-flag-botswana.svg"" />","<img src=""ug-map-botswana.png"" />","UG::Africa, UG::Sovereign_State"
n:7&>YT5A=,Burkina Faso,"<img src=""ug-flag-burkina_faso.svg"" />","<img src=""ug-map-burkina_faso.png"" />","UG::Africa, UG::Sovereign_State, UG::West_Africa"
j2IQ=f=w3@,Cameroon,"<img src=""ug-flag-cameroon.svg"" />","<img src=""ug-map-cameroon.png"" />","UG::Africa, UG::Sovereign_State"
EWXNc<g5),Burundi,"<img src=""ug-flag-burundi.svg"" />","<img src=""ug-map-burundi.png"" />","UG::Africa, UG::East_Africa, UG::Sovereign_State"
gFOojQO(MH,Cape Verde,"<img src=""ug-flag-cape_verde.svg"" />","<img src=""ug-map-cape_verde.png"" />","UG::Africa, UG::Sovereign_State, UG::West_Africa"
gePC:Xt_nW,São Tomé and Príncipe,"<img src=""ug-flag-sao_tome_and_principe.svg"" />","<img src=""ug-map-sao_tome_and_principe.png"" />","UG::Africa, UG::Sovereign_State"
vNiD6A.v#s,Central African Republic,"<img src=""ug-flag-central_african_republic.svg"" />","<img src=""ug-map-central_african_republic.png"" />","UG::Africa, UG::Sovereign_State"
?n!)c/h=Q,Chad,"<img src=""ug-flag-chad.svg"" />","<img src=""ug-map-chad.png"" />","UG::Africa, UG::Sovereign_State"
gYIoR`|AxW,Equatorial Guinea,"<img src=""ug-flag-equatorial_guinea.svg"" />","<img src=""ug-map-equatorial_guinea.png"" />","UG::Africa, UG::Sovereign_State"
j<egqG@)EL,Kenya,"<img src=""ug-flag-kenya.svg"" />","<img src=""ug-map-kenya.png"" />","UG::Africa, UG::East_Africa, UG::Sovereign_State"
t`cagaWApo,Comoros,"<img src=""ug-flag-comoros.svg"" />","<img src=""ug-map-comoros.png"" />","UG::Africa, UG::East_Africa, UG::Sovereign_State"
jN^Vc%9OQ5,Ivory Coast,"<img src=""ug-flag-ivory_coast.svg"" />","<img src=""ug-map-ivory_coast.png"" />","UG::Africa, UG::Sovereign_State, UG::West_Africa"
o3VS!KWb/@,Democratic Republic of the Congo,"<img src=""ug-flag-democratic_republic_of_the_congo.svg"" />","<img src=""ug-map-democratic_republic_of_the_congo.png"" />","UG::Africa, UG::Sovereign_State"
iR;U<J:CJJ,Djibouti,"<img src=""ug-flag-djibouti.svg"" />","<img src=""ug-map-djibouti.png"" />","UG::Africa, UG::East_Africa, UG::Sovereign_State"
i^J8&$(1]|,Guinea-Bissau,"<img src=""ug-flag-guinea-bissau.svg"" />","<img src=""ug-map-guinea-bissau.png"" />","UG::Africa, UG::Sovereign_State, UG::West_Africa"
pS>DrFhd%u,Eritrea,"<img src=""ug-flag-eritrea.svg"" />","<img src=""ug-map-eritrea.png"" />","UG::Africa, UG::East_Africa, UG::Sovereign_State"
t|h3|;E4g{,Ethiopia,"<img src=""ug-flag-ethiopia.svg"" />","<img src=""ug-map-ethiopia.png"" />","UG::Africa, UG::East_Africa, UG::Sovereign_State"
p.yv>BQ470,Gabon,"<img src=""ug-flag-gabon.svg"" />","<img src=""ug-map-gabon.png"" />","UG::Africa, UG::Sovereign_State"
f#4-L[mp5*,The Gambia,"<img src=""ug-flag-the_gambia.svg"" />","<img src=""ug-map-the_gambia.png"" />","UG::Africa, UG::Sovereign_State, UG::West_Africa"
oNpApS<AoJ,Lesotho,"<img src=""ug-flag-lesotho.svg"" />","<img src=""ug-map-lesotho.png"" />","UG::Africa, UG::Sovereign_State"
"nsS59c`VL,",Liberia,"<img src=""ug-flag-liberia.svg"" />","<img src=""ug-map-liberia.png"" />","UG::Africa, UG::Sovereign_State, UG::West_Africa"
m{noqE29%I,Madagascar,"<img src=""ug-flag-madagascar.svg"" />","<img src=""ug-map-madagascar.png"" />","UG::Africa, UG::East_Africa, UG::Sovereign_State"
sSW/?WMy17,Malawi,"<img src=""ug-flag-malawi.svg"" />","<img src=""ug-map-malawi.png"" />","UG::Africa, UG::East_Africa, UG::Sovereign_State"
d-q4J~CNW_,Mali,"<img src=""ug-flag-mali.svg"" />","<img src=""ug-map-mali.png"" />","UG::Africa, UG::Sovereign_State, UG::West_Africa"
"jKO,9y0M;#",Mauritania,"<img src=""ug-flag-mauritania.svg"" />","<img src=""ug-map-mauritania.png"" />","UG::Africa, UG::Sovereign_State, UG::West_Africa"
skOM(?n$GG,Mauritius,"<img src=""ug-flag-mauritius.svg"" />","<img src=""ug-map-mauritius.png"" />","UG::Africa, UG::East_Africa, UG::Sovereign_State"
mi+kf0LTW.,Morocco,"<img src=""ug-flag-morocco.svg"" />","<img src=""ug-map-morocco.png"" />","UG::Africa, UG::Mediterranean, UG::Sovereign_State"
vgdj#X?8dB,Mozambique,"<img src=""ug-flag-mozambique.svg"" />","<img src=""ug-map-mozambique.png"" />","UG::Africa, UG::East_Africa, UG::Sovereign_State"
mkgcU7[bA%,Namibia,"<img src=""ug-flag-namibia.svg"" />","<img src=""ug-map-namibia.png"" />","UG::Africa, UG::Sovereign_State"
jcu!gLw/&r,Niger,"<img src=""ug-flag-niger.svg"" />","<img src=""ug-map-niger.png"" />","UG::Africa, UG::Sovereign_State, UG::West_Africa"
sB7rZQsR<l,Nigeria,"<img src=""ug-flag-nigeria.svg"" />","<img src=""ug-map-nigeria.png"" />","UG::Africa, UG::Sovereign_State, UG::West_Africa"
u|I}oElaH),Republic of the Congo,"<img src=""ug-flag-republic_of_the_congo.svg"" />","<img src=""ug-map-republic_of_the_congo.png"" />","UG::Africa, UG::Sovereign_State"
"j)i)pB*HJ,",Rwanda,"<img src=""ug-flag-rwanda.svg"" />","<img src=""ug-map-rwanda.png"" />","UG::Africa, UG::East_Africa, UG::Sovereign_State"
t-0>F]bu>P,Senegal,"<img src=""ug-flag-senegal.svg"" />","<img src=""ug-map-senegal.png"" />","UG::Africa, UG::Sovereign_State, UG::West_Africa"
hrI_uiW>E],Seychelles,"<img src=""ug-flag-seychelles.svg"" />","<img src=""ug-map-seychelles.png"" />","UG::Africa, UG::East_Africa, UG::Sovereign_State"
uc61ToT%gt,Sierra Leone,"<img src=""ug-flag-sierra_leone.svg"" />","<img src=""ug-map-sierra_leone.png"" />","UG::Africa, UG::Sovereign_State, UG::West_Africa"
"e.t$Vi5,>f",South Africa,"<img src=""ug-flag-south_africa.svg"" />","<img src=""ug-map-south_africa.png"" />","UG::Africa, UG::Sovereign_State"
k/u1:B%DJH,Sudan,"<img src=""ug-flag-sudan.svg"" />","<img src=""ug-map-sudan.png"" />","UG::Africa, UG::Sovereign_State"
e5P*D#I{m{,Eswatini,"<img src=""ug-flag-eswatini.svg"" />","<img src=""ug-map-eswatini.png"" />","UG::Africa, UG::Sovereign_State"
p:SPZ:e/*[,Tanzania,"<img src=""ug-flag-tanzania.svg"" />","<img src=""ug-map-tanzania.png"" />","UG::Africa, UG::East_Africa, UG::Sovereign_State"
"t+v9b--,qs",Togo,"<img src=""ug-flag-togo.svg"" />","<img src=""ug-map-togo.png"" />","UG::Africa, UG::Sovereign_State, UG::West_Africa"
fV`&p81%d(,Tunisia,"<img src=""ug-flag-tunisia.svg"" />","<img src=""ug-map-tunisia.png"" />","UG::Africa, UG::Mediterranean, UG::Sovereign_State"
"gsS{jR,]|Q",Uganda,"<img src=""ug-flag-uganda.svg"" />","<img src=""ug-map-uganda.png"" />","UG::Africa, UG::East_Africa, UG::Sovereign_State"
cAlyc~G.y%,Sahrawi Arab Democratic Republic,"<img src=""ug-flag-sahrawi_arab_democratic_republic.svg"" />","<img src=""ug-map-sahrawi_arab_democratic_republic.png"" />","UG::Africa, UG::Sovereign_State"
"fxAN),FAc$",Zambia,"<img src=""ug-flag-zambia.svg"" />","<img src=""ug-map-zambia.png"" />","UG::Africa, UG::East_Africa, UG::Sovereign_State"
r<N4LAAnnB,Zimbabwe,"<img src=""ug-flag-zimbabwe.svg"" />","<img src=""ug-map-zimbabwe.png"" />","UG::Africa, UG::East_Africa, UG::Sovereign_State"
e?Xq9gy=@[,Canary Islands,,"<img src=""ug-map-canary_islands.png"" />",UG::Africa
"m5j,b/y<EE",Afghanistan,"<img src=""ug-flag-afghanistan.png"" />","<img src=""ug-map-afghanistan.png"" />","UG::Asia, UG::Sovereign_State"
stRa/S(0$F,Bahrain,"<img src=""ug-flag-bahrain.svg"" />","<img src=""ug-map-bahrain.png"" />","UG::Asia, UG::Middle_East, UG::Sovereign_State"
l+>Ki!j#v+,Bangladesh,"<img src=""ug-flag-bangladesh.svg"" />","<img src=""ug-map-bangladesh.png"" />","UG::Asia, UG::Sovereign_State"
kQ:NIhJy~E,Bhutan,"<img src=""ug-flag-bhutan.svg"" />","<img src=""ug-map-bhutan.png"" />","UG::Asia, UG::Sovereign_State"
sY>@9w~i^p,Brunei,"<img src=""ug-flag-brunei.svg"" />","<img src=""ug-map-brunei.png"" />","UG::Asia, UG::Southeast_Asia, UG::Sovereign_State"
mJH4kwPF.-,China,"<img src=""ug-flag-china.svg"" />","<img src=""ug-map-china.png"" />","UG::Asia, UG::Sovereign_State"
bW)ch:vs1P,Cambodia,"<img src=""ug-flag-cambodia.svg"" />","<img src=""ug-map-cambodia.png"" />","UG::Asia, UG::Southeast_Asia, UG::Sovereign_State"
sx|l+io`B@,Indonesia,"<img src=""ug-flag-indonesia.svg"" />","<img src=""ug-map-indonesia.png"" />","UG::Asia, UG::Southeast_Asia, UG::Sovereign_State"
q2#Yv[O0:|,India,"<img src=""ug-flag-india.svg"" />","<img src=""ug-map-india.png"" />","UG::Asia, UG::Sovereign_State"
lpbD0St&OU,Hong Kong,"<img src=""ug-flag-hong_kong.svg"" />","<img src=""ug-map-hong_kong.png"" />",UG::Asia
mbz=7n[0v9,Iran,"<img src=""ug-flag-iran.svg"" />","<img src=""ug-map-iran.png"" />","UG::Asia, UG::Middle_East, UG::Sovereign_State"
ijP>aJBT!9,Israel,"<img src=""ug-flag-israel.svg"" />","<img src=""ug-map-israel.png"" />","UG::Asia, UG::Mediterranean, UG::Middle_East, UG::Sovereign_State"
jI9P-f6r3M,Iraq,"<img src=""ug-flag-iraq.svg"" />","<img src=""ug-map-iraq.png"" />","UG::Asia, UG::Middle_East, UG::Sovereign_State"
h?a*UKfT_M,South Korea,"<img src=""ug-flag-south_korea.svg"" />","<img src=""ug-map-south_korea.png"" />","UG::Asia, UG::Sovereign_State"
r6BV%|..*5,North Korea,"<img src=""ug-flag-north_korea.svg"" />","<img src=""ug-map-north_korea.png"" />","UG::Asia, UG::Sovereign_State"
i)]+09JUR&,Jordan,"<img src=""ug-flag-jordan.svg"" />","<img src=""ug-map-jordan.png"" />","UG::Asia, UG::Middle_East, UG::Sovereign_State"
l}[BG9.nQS,Japan,"<img src=""ug-flag-japan.svg"" />","<img src=""ug-map-japan.png"" />","UG::Asia, UG::Sovereign_State"
mtd;>7T|g>,Lebanon,"<img src=""ug-flag-lebanon.svg"" />","<img src=""ug-map-lebanon.png"" />","UG::Asia, UG::Mediterranean, UG::Middle_East, UG::Sovereign_State"
iW>m(L/~c=,Laos,"<img src=""ug-flag-laos.svg"" />","<img src=""ug-map-laos.png"" />","UG::Asia, UG::Southeast_Asia, UG::Sovereign_State"
pkj3RPBUrF,Kyrgyzstan,"<img src=""ug-flag-kyrgyzstan.svg"" />","<img src=""ug-map-kyrgyzstan.png"" />","UG::Asia, UG::Sovereign_State"
euW0jm=wfR,Kuwait,"<img src=""ug-flag-kuwait.svg"" />","<img src=""ug-map-kuwait.png"" />","UG::Asia, UG::Middle_East, UG::Sovereign_State"
l*j*EE:!Y?,Myanmar,"<img src=""ug-flag-myanmar.svg"" />","<img src=""ug-map-myanmar.png"" />","UG::Asia, UG::Southeast_Asia, UG::Sovereign_State"
d3c`&/1Y^D,Mongolia,"<img src=""ug-flag-mongolia.svg"" />","<img src=""ug-map-mongolia.png"" />","UG::Asia, UG::Sovereign_State"
hXNTVF<:SH,Maldives,"<img src=""ug-flag-maldives.svg"" />","<img src=""ug-map-maldives.png"" />","UG::Asia, UG::Sovereign_State"
"mk20`,N=`=",Malaysia,"<img src=""ug-flag-malaysia.svg"" />","<img src=""ug-map-malaysia.png"" />","UG::Asia, UG::Southeast_Asia, UG::Sovereign_State"
eALZe^HCHq,Oman,"<img src=""ug-flag-oman.svg"" />","<img src=""ug-map-oman.png"" />","UG::Asia, UG::Middle_East, UG::Sovereign_State"
l3Ly8PBxt(,Nepal,"<img src=""ug-flag-nepal-nobox.svg"" />","<img src=""ug-map-nepal.png"" />","UG::Asia, UG::Sovereign_State"
g<[f89~U)A,Palestine,"<img src=""ug-flag-palestine.svg"" />","<img src=""ug-map-palestine.png"" />","UG::Asia, UG::Mediterranean, UG::Middle_East, UG::Sovereign_State"
iIS#Nw]tr],Pakistan,"<img src=""ug-flag-pakistan.svg"" />","<img src=""ug-map-pakistan.png"" />","UG::Asia, UG::Sovereign_State"
"m{oM,jr>C#",Qatar,"<img src=""ug-flag-qatar.svg"" />","<img src=""ug-map-qatar.png"" />","UG::Asia, UG::Middle_East, UG::Sovereign_State"
ln^3p)j3b.,Saudi Arabia,"<img src=""ug-flag-saudi_arabia.svg"" />","<img src=""ug-map-saudi_arabia.png"" />","UG::Asia, UG::Middle_East, UG::Sovereign_State"
cL?8!xP#Wj,Singapore,"<img src=""ug-flag-singapore.svg"" />","<img src=""ug-map-singapore.png"" />","UG::Asia, UG::Southeast_Asia, UG::Sovereign_State"
e=.VHQ9E+M,Syria,"<img src=""ug-flag-syria.svg"" />","<img src=""ug-map-syria.png"" />","UG::Asia, UG::Mediterranean, UG::Middle_East, UG::Sovereign_State"
m[96fa+HDS,Taiwan,"<img src=""ug-flag-taiwan.svg"" />","<img src=""ug-map-taiwan.png"" />","UG::Asia, UG::Sovereign_State"
g9v~y/;=z(,Sri Lanka,"<img src=""ug-flag-sri_lanka.svg"" />","<img src=""ug-map-sri_lanka.png"" />","UG::Asia, UG::Sovereign_State"
g~%pF`(x{u,Tajikistan,"<img src=""ug-flag-tajikistan.svg"" />","<img src=""ug-map-tajikistan.png"" />","UG::Asia, UG::Sovereign_State"
"hE5j*e,Q?[",Thailand,"<img src=""ug-flag-thailand.svg"" />","<img src=""ug-map-thailand.png"" />","UG::Asia, UG::Southeast_Asia, UG::Sovereign_State"
fRSM{K+;[w,East Timor,"<img src=""ug-flag-east_timor.svg"" />","<img src=""ug-map-east_timor.png"" />","UG::Asia, UG::Southeast_Asia, UG::Sovereign_State"
o~}KVA:VbI,United Arab Emirates,"<img src=""ug-flag-united_arab_emirates.svg"" />","<img src=""ug-map-united_arab_emirates.png"" />","UG::Asia, UG::Middle_East, UG::Sovereign_State"
u-`cspdp)D,Turkmenistan,"<img src=""ug-flag-turkmenistan.svg"" />","<img src=""ug-map-turkmenistan.png"" />","UG::Asia, UG::Sovereign_State"
"e42BpV,P}C",Yemen,"<img src=""ug-flag-yemen.svg"" />","<img src=""ug-map-yemen.png"" />","UG::Asia, UG::Middle_East, UG::Sovereign_State"
pD<Pd$Ag@J,Vietnam,"<img src=""ug-flag-vietnam.svg"" />","<img src=""ug-map-vietnam.png"" />","UG::Asia, UG::Southeast_Asia, UG::Sovereign_State"
mbGXc0y3Pe,Uzbekistan,"<img src=""ug-flag-uzbekistan.svg"" />","<img src=""ug-map-uzbekistan.png"" />","UG::Asia, UG::Sovereign_State"
gB|K:+r?1V,Fiji,"<img src=""ug-flag-fiji.svg"" />","<img src=""ug-map-fiji.png"" />","UG::Oceania, UG::Sovereign_State"
lhWI;$JC9(,Papua New Guinea,"<img src=""ug-flag-papua_new_guinea.svg"" />","<img src=""ug-map-papua_new_guinea.png"" />","UG::Oceania, UG::Sovereign_State"
k0{O[6l]bH,Australia,"<img src=""ug-flag-australia.svg"" />","<img src=""ug-map-australia.png"" />","UG::Oceania, UG::Sovereign_State"
"r>g<|,FWi%",Solomon Islands,"<img src=""ug-flag-solomon_islands.svg"" />","<img src=""ug-map-solomon_islands.png"" />","UG::Oceania, UG::Sovereign_State"
n&>e`2FO/S,Argentina,"<img src=""ug-flag-argentina.svg"" />","<img src=""ug-map-argentina.png"" />","UG::South_America, UG::Sovereign_State"
khB~(m^@Z5,Bolivia,"<img src=""ug-flag-bolivia-blur.png"" /><img src=""ug-flag-bolivia.png"" />","<img src=""ug-map-bolivia.png"" />","UG::South_America, UG::Sovereign_State"
spKoFRM4if,Brazil,"<img src=""ug-flag-brazil.svg"" />","<img src=""ug-map-brazil.png"" />","UG::South_America, UG::Sovereign_State"
q8][)Ri}=q,Chile,"<img src=""ug-flag-chile.svg"" />","<img src=""ug-map-chile.png"" />","UG::South_America, UG::Sovereign_State"
hoHandbYAy,Colombia,"<img src=""ug-flag-colombia.svg"" />","<img src=""ug-map-colombia.png"" />","UG::South_America, UG::Sovereign_State"
lmRujD!(A7,Ecuador,"<img src=""ug-flag-ecuador.png"" />","<img src=""ug-map-ecuador.png"" />","UG::South_America, UG::Sovereign_State"
q:XyGf#>Wg,Guyana,"<img src=""ug-flag-guyana.svg"" />","<img src=""ug-map-guyana.png"" />","UG::South_America, UG::Sovereign_State"
s#:aIK$9^x,Paraguay,"<img src=""ug-flag-paraguay-blur.svg"" /><img src=""ug-flag-paraguay.svg"" />","<img src=""ug-map-paraguay.png"" />","UG::South_America, UG::Sovereign_State"
jBd@A?>g|},Peru,"<img src=""ug-flag-peru.png"" />","<img src=""ug-map-peru.png"" />","UG::South_America, UG::Sovereign_State"
koI(}OyJ:@,Suriname,"<img src=""ug-flag-suriname.svg"" />","<img src=""ug-map-suriname.png"" />","UG::South_America, UG::Sovereign_State"
e?gIaPc$Ox,Uruguay,"<img src=""ug-flag-uruguay.svg"" />","<img src=""ug-map-uruguay.png"" />","UG::South_America, UG::Sovereign_State"
o#&RMA_REo,Venezuela,"<img src=""ug-flag-venezuela.png"" />","<img src=""ug-map-venezuela.png"" />","UG::South_America, UG::Sovereign_State"
s4E?ZF[E<>,Cook Islands,"<img src=""ug-flag-cook_islands.svg"" />","<img src=""ug-map-cook_islands.png"" />","UG::Oceania, UG::Sovereign_State"
k1]FH+s8j@,Federated States of Micronesia,"<img src=""ug-flag-federated_states_of_micronesia.svg"" />","<img src=""ug-map-federated_states_of_micronesia.png"" />","UG::Oceania, UG::Sovereign_State"
dWA49p}F{k,Guam,"<img src=""ug-flag-guam-blur.svg"" /><img src=""ug-flag-guam.svg"" />","<img src=""ug-map-guam.png"" />",UG::Oceania
K*b}<I3(~,Vanuatu,"<img src=""ug-flag-vanuatu.svg"" />","<img src=""ug-map-vanuatu.png"" />","UG::Oceania, UG::Sovereign_State"
e?h=Xhs+K&,Canada,"<img src=""ug-flag-canada.svg"" />","<img src=""ug-map-canada.png"" />","UG::North_America, UG::Sovereign_State"
b@M[XTc?}5,United States of America,"<img src=""ug-flag-united_states_of_america.svg"" />","<img src=""ug-map-united_states_of_america.png"" />","UG::North_America, UG::Sovereign_State"
sxOMs+bE8@,Mexico,"<img src=""ug-flag-mexico.png"" />","<img src=""ug-map-mexico.png"" />","UG::North_America, UG::Sovereign_State"
t3aZXtpNyi,Puerto Rico,"<img src=""ug-flag-puerto_rico.svg"" />","<img src=""ug-map-puerto_rico.png"" />","UG::Caribbean, UG::North_America"
rPekx@n9:L,Cuba,"<img src=""ug-flag-cuba.svg"" />","<img src=""ug-map-cuba.png"" />","UG::Caribbean, UG::North_America, UG::Sovereign_State"
lAxH.CfJB@,Dominican Republic,"<img src=""ug-flag-dominican_republic.png"" />","<img src=""ug-map-dominican_republic.png"" />","UG::Caribbean, UG::North_America, UG::Sovereign_State"
hZ/V/D&rO`,Haiti,"<img src=""ug-flag-haiti.svg"" />","<img src=""ug-map-haiti.png"" />","UG::Caribbean, UG::North_America, UG::Sovereign_State"
h&`>n98~V1,Jamaica,"<img src=""ug-flag-jamaica.svg"" />","<img src=""ug-map-jamaica.png"" />","UG::Caribbean, UG::North_America, UG::Sovereign_State"
t50y/[AEhF,Trinidad and Tobago,"<img src=""ug-flag-trinidad_and_tobago.svg"" />","<img src=""ug-map-trinidad_and_tobago.png"" />","UG::Caribbean, UG::North_America, UG::Sovereign_State"
gBCR?!O*;E,Bermuda,,"<img src=""ug-map-bermuda.png"" />","UG::Caribbean, UG::North_America"
tTnCoO/*tk,Guadeloupe,,"<img src=""ug-map-guadeloupe.png"" />","UG::Caribbean, UG::North_America"
W5?6yQZD2,The Bahamas,"<img src=""ug-flag-the_bahamas.svg"" />","<img src=""ug-map-the_bahamas.png"" />","UG::Caribbean, UG::North_America, UG::Sovereign_State"
e{e8vi@^PY,Barbados,"<img src=""ug-flag-barbados.svg"" />","<img src=""ug-map-barbados.png"" />","UG::Caribbean, UG::North_America, UG::Sovereign_State"
tcneuK7v%`,Belize,"<img src=""ug-flag-belize.png"" />","<img src=""ug-map-belize.png"" />","UG::North_America, UG::Sovereign_State"
uH*Q(mcRt5,Costa Rica,"<img src=""ug-flag-costa_rica.png"" />","<img src=""ug-map-costa_rica.png"" />","UG::North_America, UG::Sovereign_State"
k$1_yaF?9#,El Salvador,"<img src=""ug-flag-el_salvador-blur.png"" /><img src=""ug-flag-el_salvador.png"" />","<img src=""ug-map-el_salvador.png"" />","UG::North_America, UG::Sovereign_State"
dUZ^=SE5BG,Guatemala,"<img src=""ug-flag-guatemala.png"" />","<img src=""ug-map-guatemala.png"" />","UG::North_America, UG::Sovereign_State"
t_h*fbN#:(,Honduras,"<img src=""ug-flag-honduras.svg"" />","<img src=""ug-map-honduras.png"" />","UG::North_America, UG::Sovereign_State"
q=w[<m2Bk&,Nicaragua,"<img src=""ug-flag-nicaragua-blur.svg"" /><img src=""ug-flag-nicaragua.svg"" />","<img src=""ug-map-nicaragua.png"" />","UG::North_America, UG::Sovereign_State"
vpOTK6tMr@,Panama,"<img src=""ug-flag-panama.svg"" />","<img src=""ug-map-panama.png"" />","UG::North_America, UG::Sovereign_State"
m2F|cUkKhv,Antigua and Barbuda,"<img src=""ug-flag-antigua_and_barbuda.svg"" />","<img src=""ug-map-antigua_and_barbuda.png"" />","UG::Caribbean, UG::North_America, UG::Sovereign_State"
k}4/oj#$~s,Dominica,"<img src=""ug-flag-dominica.svg"" />","<img src=""ug-map-dominica.png"" />","UG::Caribbean, UG::North_America, UG::Sovereign_State"
va/ky=f5pK,Saint Vincent and the Grenadines,"<img src=""ug-flag-saint_vincent_and_the_grenadines.svg"" />","<img src=""ug-map-saint_vincent_and_the_grenadines.png"" />","UG::Caribbean, UG::North_America, UG::Sovereign_State"
"c,5(mUGzYT",Somalia,"<img src=""ug-flag-somalia.svg"" />","<img src=""ug-map-somalia.png"" />","UG::Africa, UG::East_Africa, UG::Sovereign_State"
gp[h@]y13l,Zanzibar,,"<img src=""ug-map-zanzibar.png"" />",UG::Africa
gx:;za!?C9,Ghana,"<img src=""ug-flag-ghana.svg"" />","<img src=""ug-map-ghana.png"" />","UG::Africa, UG::Sovereign_State, UG::West_Africa"
r]*Ioa%$bK,Guinea,"<img src=""ug-flag-guinea.svg"" />","<img src=""ug-map-guinea.png"" />","UG::Africa, UG::Sovereign_State, UG::West_Africa"
)Y}Qy.3GK,New Zealand,"<img src=""ug-flag-new_zealand.svg"" />","<img src=""ug-map-new_zealand.png"" />","UG::Oceania, UG::Sovereign_State"
lH^2D]w;[H,French Polynesia,"<img src=""ug-flag-french_polynesia.svg"" />","<img src=""ug-map-french_polynesia.png"" />",UG::Oceania
qx%>fB$d+$,Philippines,"<img src=""ug-flag-philippines.svg"" />","<img src=""ug-map-philippines.png"" />","UG::Asia, UG::Southeast_Asia, UG::Sovereign_State"
libliptkB4,Kosovo,"<img src=""ug-flag-kosovo.svg"" />","<img src=""ug-map-kosovo.png"" />","UG::Europe, UG::Sovereign_State"
jrM28*HbyG,Libya,"<img src=""ug-flag-libya.svg"" />","<img src=""ug-map-libya.png"" />","UG::Africa, UG::Mediterranean, UG::Sovereign_State"
r?E$4f-d0/,Palau,"<img src=""ug-flag-palau.svg"" />","<img src=""ug-map-palau.png"" />","UG::Oceania, UG::Sovereign_State"
leh^fmrt*#,Saint Lucia,"<img src=""ug-flag-saint_lucia.svg"" />","<img src=""ug-map-saint_lucia.png"" />","UG::Caribbean, UG::North_America, UG::Sovereign_State"
O~pXkAbd3,Bali,,"<img src=""ug-map-bali.png"" />",UG::Asia
f*LO~>!0PN,Grenada,"<img src=""ug-flag-grenada.svg"" />","<img src=""ug-map-grenada.png"" />","UG::Caribbean, UG::North_America, UG::Sovereign_State"
q[}7hk(+=e,British Virgin Islands,,"<img src=""ug-map-british_virgin_islands.png"" />","UG::Caribbean, UG::North_America"
q7do-wLx%E,Turks and Caicos Islands,,"<img src=""ug-map-turks_and_caicos_islands.png"" />","UG::Caribbean, UG::North_America"
vwc3}.=Z#&,Cayman Islands,,"<img src=""ug-map-cayman_islands.png"" />","UG::Caribbean, UG::North_America"
e<X;[vACXC,Anguilla,,"<img src=""ug-map-anguilla.png"" />","UG::Caribbean, UG::North_America"
"j=L,YBvsBk",Azores,,"<img src=""ug-map-azores.png"" />",UG::Europe
oa87&PB&Bm,Curaçao,"<img src=""ug-flag-curacao.svg"" />","<img src=""ug-map-curacao.png"" />","UG::Caribbean, UG::North_America"
b^Try&me1A,French Guiana,,"<img src=""ug-map-french_guiana.png"" />",UG::South_America
o``:?0>/yz,Gibraltar,,"<img src=""ug-map-gibraltar.png"" />","UG::Europe, UG::Mediterranean"
pz(G*<F93/,Guernsey,,"<img src=""ug-map-guernsey.png"" />",UG::Europe
cV4idO^r8W,Isle of Man,,"<img src=""ug-map-isle_of_man.png"" />",UG::Europe
m*PYE=#wr^,Jersey,,"<img src=""ug-map-jersey.png"" />",UG::Europe
sXzvT.g31p,Kiribati,"<img src=""ug-flag-kiribati.svg"" />","<img src=""ug-map-kiribati.png"" />","UG::Oceania, UG::Sovereign_State"
mq)8`hi{hb,Macau,"<img src=""ug-flag-macau.svg"" />","<img src=""ug-map-macau.png"" />",UG::Asia
h}lnSN_f$_,Madeira,,"<img src=""ug-map-madeira.png"" />",UG::Europe
"eT<gzg?q,r",Marshall Islands,"<img src=""ug-flag-marshall_islands.svg"" />","<img src=""ug-map-marshall_islands.png"" />","UG::Oceania, UG::Sovereign_State"
vE[T$`n9T),Nauru,"<img src=""ug-flag-nauru.svg"" />","<img src=""ug-map-nauru.png"" />","UG::Oceania, UG::Sovereign_State"
tj&bK}%P!F,New Caledonia,"<img src=""ug-flag-new_caledonia.svg"" />","<img src=""ug-map-new_caledonia.png"" />",UG::Oceania
kX]hN=_.c-,Niue,"<img src=""ug-flag-niue.svg"" />","<img src=""ug-map-niue.png"" />","UG::Oceania, UG::Sovereign_State"
"r/B|ra%L,.",Northern Cyprus,"<img src=""ug-flag-northern_cyprus.svg"" />","<img src=""ug-map-northern_cyprus.png"" />","UG::Asia, UG::Mediterranean, UG::Middle_East, UG::Sovereign_State"
b[(2`4t&?J,Saint Kitts and Nevis,"<img src=""ug-flag-saint_kitts_and_nevis.svg"" />","<img src=""ug-map-saint_kitts_and_nevis.png"" />","UG::Caribbean, UG::North_America, UG::Sovereign_State"
qvITjNxkLN,Samoa,"<img src=""ug-flag-samoa.svg"" />","<img src=""ug-map-samoa.png"" />","UG::Oceania, UG::Sovereign_State"
jX=#G8wu#(,Somaliland,"<img src=""ug-flag-somaliland.svg"" />","<img src=""ug-map-somaliland.png"" />","UG::Africa, UG::East_Africa, UG::Sovereign_State"
l&#7I)Ah/E,South Sudan,"<img src=""ug-flag-south_sudan.svg"" />","<img src=""ug-map-south_sudan.png"" />","UG::Africa, UG::East_Africa, UG::Sovereign_State"
"de=9c:,@j9",Tuvalu,"<img src=""ug-flag-tuvalu.svg"" />","<img src=""ug-map-tuvalu.png"" />","UG::Oceania, UG::Sovereign_State"
kE!iKHLN_g,United States Virgin Islands,"<img src=""ug-flag-united_states_virgin_islands.svg"" />","<img src=""ug-map-united_states_virgin_islands.png"" />","UG::Caribbean, UG::North_America"
d``B*6:eCx,Åland Islands,"<img src=""ug-flag-aland_islands.svg"" />","<img src=""ug-map-aland_islands.png"" />",UG::Europe
p]t8:Tka7q,South Ossetia,"<img src=""ug-flag-south_ossetia.svg"" />","<img src=""ug-map-south_ossetia.png"" />","UG::Asia, UG::Sovereign_State"
niJUFZF$Y:,American Samoa,,"<img src=""ug-map-american_samoa.png"" />",UG::Oceania
p}Qa|!7PpR,Northern Mariana Islands,,"<img src=""ug-map-northern_mariana_islands.png"" />",UG::Oceania
uv1fGXHN@),Aruba,"<img src=""ug-flag-aruba.svg"" />","<img src=""ug-map-aruba.png"" />","UG::Caribbean, UG::North_America"
sRw-ik:I$v,Abkhazia,"<img src=""ug-flag-abkhazia.svg"" />","<img src=""ug-map-abkhazia.png"" />","UG::Europe, UG::Sovereign_State"
bnEK#)[;qT,Sint Maarten,,"<img src=""ug-map-sint_maarten.png"" />","UG::Caribbean, UG::North_America"
ey:Q|*t!Lg,Republic of Artsakh,"<img src=""ug-flag-republic_of_artsakh.svg"" />","<img src=""ug-map-republic_of_artsakh.png"" />","UG::Asia, UG::Sovereign_State"
"c^,~EC6Pb2",Tonga,"<img src=""ug-flag-tonga.svg"" />","<img src=""ug-map-tonga.png"" />","UG::Oceania, UG::Sovereign_State"
tMMtBUpb$&,Transnistria,"<img src=""ug-flag-transnistria.svg"" />","<img src=""ug-map-transnistria.png"" />","UG::Europe, UG::Sovereign_State"
jKIDq|}J&c,Sardinia,,"<img src=""ug-map-sardinia.png"" />",UG::Europe
dC:e5G4J/p,Kaliningrad Oblast,,"<img src=""ug-map-kaliningrad_oblast.png"" />",UG::Europe
u;|vR#mVMW,Martinique,,"<img src=""ug-map-martinique.png"" />","UG::Caribbean, UG::North_America"
gDsLPj(9S#,Java,,"<img src=""ug-map-java.png"" />",UG::Asia
xb&P*pH(Q,Corsica,,"<img src=""ug-map-corsica.png"" />",UG::Europe
Bszsaz0Iuo,European Union,"<img src=""ug-flag-european_union.svg"" />","<img src=""ug-map-european_union.png"" />",UG::Europe
JOT:U4ayh@,Gulf of Mexico,,"<img src=""ug-map-gulf_of_mexico.png"" />",UG::Oceans+Seas
G/^_##fcPN,Philippine Sea,,"<img src=""ug-map-philippine_sea.png"" />",UG::Oceans+Seas
LPF4AfaHKR,Southern Ocean,,"<img src=""ug-map-southern_ocean-nobox.png"" />",UG::Oceans+Seas
rSneU!3}bn,Gulf of Thailand,,"<img src=""ug-map-gulf_of_thailand.png"" />",UG::Oceans+Seas
cv+Nq9:a<P,Micronesia,,"<img src=""ug-map-micronesia.png"" />",UG::Oceania
f*2@qiHh_1,Pacific Ocean,,"<img src=""ug-map-pacific_ocean-nobox.png"" />",UG::Oceans+Seas
nuU8A_$i2M,Atlantic Ocean,,"<img src=""ug-map-atlantic_ocean-nobox.png"" />",UG::Oceans+Seas
fT!w8R#>dg,Indian Ocean,,"<img src=""ug-map-indian_ocean-nobox.png"" />",UG::Oceans+Seas
gG6SWfM>H0,Arctic Ocean,,"<img src=""ug-map-arctic_ocean-nobox.png"" />",UG::Oceans+Seas
sM0GPt1HS1,Hudson Bay,,"<img src=""ug-map-hudson_bay.png"" />",UG::Oceans+Seas
dlU7VG|3Gd,Labrador Sea,,"<img src=""ug-map-labrador_sea.png"" />",UG::Oceans+Seas
cEO^y)Md[G,White Sea,,"<img src=""ug-map-white_sea.png"" />",UG::Oceans+Seas
eN#^kPGv*L,Denmark Strait,,"<img src=""ug-map-denmark_strait.png"" />",UG::Oceans+Seas
lp@e##m.!+,Norwegian Sea,,"<img src=""ug-map-norwegian_sea.png"" />",UG::Oceans+Seas
epvt3>HH?U,Baltic Sea,,"<img src=""ug-map-baltic_sea.png"" />",UG::Oceans+Seas
E3u*2.<9#`,Celtic Sea,,"<img src=""ug-map-celtic_sea.png"" />",UG::Oceans+Seas
q1Q3Do8S>g,English Channel,,"<img src=""ug-map-english_channel.png"" />",UG::Oceans+Seas
yX:tmrd5;],Adriatic Sea,,"<img src=""ug-map-adriatic_sea.png"" />",UG::Oceans+Seas
H*c[ML+`s=,Bay of Biscay,,"<img src=""ug-map-bay_of_biscay.png"" />",UG::Oceans+Seas
e_;dzXj8de,Black Sea,,"<img src=""ug-map-black_sea.png"" />",UG::Oceans+Seas
iB-8Br~onq,Aegean Sea,,"<img src=""ug-map-aegean_sea.png"" />",UG::Oceans+Seas
zSc]-^U=0=,Balkan Peninsula,,"<img src=""ug-map-balkan_peninsula.png"" />",UG::Europe
x2d4n4ADcP,Caspian Sea,,"<img src=""ug-map-caspian_sea.png"" />",UG::Oceans+Seas
Gn;q2Y)Xe4,Mediterranean Sea,,"<img src=""ug-map-mediterranean_sea.png"" />",UG::Oceans+Seas
gRVZ]qJ#>O,East Siberian Sea,,"<img src=""ug-map-east_siberian_sea.png"" />",UG::Oceans+Seas
"J%,fuysl*&",Bering Strait,,"<img src=""ug-map-bering_strait.png"" />",UG::Oceans+Seas
r(h9&#wc~B,Arabian Sea,,"<img src=""ug-map-arabian_sea.png"" />",UG::Oceans+Seas
_]DH+g9!$,Red Sea,,"<img src=""ug-map-red_sea.png"" />",UG::Oceans+Seas
B:x<p&Q=t),Dead Sea,,"<img src=""ug-map-dead_sea.png"" />",UG::Oceans+Seas
z:*d{z(~V2,Bay of Bengal,,"<img src=""ug-map-bay_of_bengal.png"" />",UG::Oceans+Seas
"d}R:qHj1,7",Sea of Japan,,"<img src=""ug-map-sea_of_japan.png"" />",UG::Oceans+Seas
L5M1*yG7eH,Yellow Sea,,"<img src=""ug-map-yellow_sea.png"" />",UG::Oceans+Seas
"s|K&2S,UP|",Coral Sea,,"<img src=""ug-map-coral_sea.png"" />",UG::Oceans+Seas
t$y1C2R-Av,South China Sea,,"<img src=""ug-map-south_china_sea.png"" />",UG::Oceans+Seas
eHJ?)TAdTo,Tasman Sea,,"<img src=""ug-map-tasman_sea.png"" />",UG::Oceans+Seas
pQpX%(EVOH,Gulf of Carpentaria,,"<img src=""ug-map-gulf_of_carpentaria.png"" />",UG::Oceans+Seas
qiv/4tOlf=,Aral Sea,,"<img src=""ug-map-aral_sea.png"" />",UG::Oceans+Seas
M$bc0[jYf0,Persian Gulf,,"<img src=""ug-map-persian_gulf.png"" />",UG::Oceans+Seas
jYz[ibrr9m,Caribbean Sea,,"<img src=""ug-map-caribbean_sea.png"" />",UG::Oceans+Seas
SlOEXfq#|,Gulf of California,,"<img src=""ug-map-gulf_of_california.png"" />",UG::Oceans+Seas
"d5m8%D6,;u",Polynesia,,"<img src=""ug-map-polynesia.png"" />",UG::Oceania
o9{x<AyA]B,Melanesia,,"<img src=""ug-map-melanesia.png"" />",UG::Oceania
He!e=h?_2V,Scandinavia,,"<img src=""ug-map-scandinavia.png"" />",UG::Europe
QSq%~rFaP-,Sea of Galilee,,"<img src=""ug-map-sea_of_galilee.png"" />",UG::Oceans+Seas
ck!6;xK$/^,Sumatra,,"<img src=""ug-map-sumatra.png"" />",UG::Asia
n{{o2K1:dw,Sicily,,"<img src=""ug-map-sicily.png"" />",UG::Europe
xqrJ^d[.(O,Mayotte,,"<img src=""ug-map-mayotte.png"" />","UG::Africa, UG::East_Africa"
vrn%j%6{nu,Réunion,,"<img src=""ug-map-reunion.png"" />","UG::Africa, UG::East_Africa"
p#R$-mG/L,Falkland Islands,,"<img src=""ug-map-falkland_islands.png"" />",UG::South_America
oV/JG7fwZq,Europe,,"<img src=""ug-map-europe-nobox.png"" />",UG::Continents
bD?R}i8_[c,North America,,"<img src=""ug-map-north_america-nobox.png"" />",UG::Continents
Lol+XIvY21,South America,,"<img src=""ug-map-south_america-nobox.png"" />",UG::Continents
Qlib4)q2Hk,Asia,,"<img src=""ug-map-asia-nobox.png"" />",UG::Continents
pwwZu{7f~(,Africa,,"<img src=""ug-map-africa-nobox.png"" />",UG::Continents
qFuGdDx^Yv,Australia (Oceania),,"<img src=""ug-map-oceania-nobox.png"" />",UG::Continents
Cf2@;p<aL,Antarctica,,"<img src=""ug-map-antarctica-nobox.png"" />",UG::Continents
t2&ri|[Un:,Saint Martin,,"<img src=""ug-map-saint_martin.png"" />","UG::Caribbean, UG::North_America"
dbP/Cj}sB+,Wallis and Futuna,,"<img src=""ug-map-wallis_and_futuna.png"" />",UG::Oceania
wa>{k!2cXc,Akrotiri and Dhekelia,,"<img src=""ug-map-akrotiri_and_dhekelia.png"" />","UG::Asia, UG::Mediterranean, UG::Middle_East"
5JJ2]i)p4,Svalbard,,"<img src=""ug-map-svalbard.png"" />",UG::Europe
"s>f40rn,O]",Hawaii,,"<img src=""ug-map-hawaii.png"" />",UG::Oceania
ssbyA9}]QP,Alaska,,"<img src=""ug-map-alaska.png"" />",UG::North_America
vKx<0Qa!aP,Bougainville,,"<img src=""ug-map-bougainville.png"" />",UG::Oceania
fkq7lhLkdH,Jeju,,"<img src=""ug-map-jeju.png"" />",UG::Asia
