country,flag similarity,flag similarity:de,flag similarity:es,flag similarity:fr,flag similarity:nb,flag similarity:cs,flag similarity:ru,flag similarity:nl,flag similarity:sv,flag similarity:pt,flag similarity:zh,flag similarity:zh-tw,flag similarity:pl,flag similarity:it,flag similarity:da
Andorra,"Moldova (wider, coat of arms with eagle)","Republik Moldau/Moldawien (breiter, Wappen mit Adler)","Moldavia (más ancha, escudo con águila)","Moldavie (plus large, blason avec un aigle)","Moldova (bredere, våpenskjold med ørn)","Moldavsko (širší, erb s orlem)","Молдова (шире, герб с орлом)","Moldavië (breder, wapen met adelaar)","Moldavien (bredare, vapensköld med örn)","Moldávia (mais larga, brasão com águia)",摩尔多瓦(更宽，鹰纹),摩爾多瓦(更寬、老鷹),"Mołdawia (szersza, godło z orłem)","Moldavia (più larga, stemma con un'aquila)","Moldova (bredere, våbenskjold med ørn)"
Austria,"Latvia (darker red, narrower white band)","Lettland (dunkleres rot, dünneres weißes Band)","Letonia (rojo más oscuro, banda blanca más estrecha)","Lettonie (rouge plus foncé, bande blanche plus étroite)","Latvia (mørkere rød, smalere hvitt bånd)","Lotyšsko (tmavší červená, užší bílý pruh)","Латвия (более темная красная, более узкая белая полоса)","Letland (donkerder rood, smallere witte band)","Lettland (mörkare röd, smalare vitt band)","Letônia (vermelho mais escuro, faixa branca mais estreita)",拉脱维亚(较深的红色，较窄的白色带),拉脫維亞(更深紅、窄白線),"Łotwa (ciemniejsza czerwień, węższy biały pas)","Lettonia (rosso più scuro, banda bianca più stretta)","Letland (mørkere rød, smallere hvid stribe)"
Faroe Islands,"Iceland (blue background, red and white cross), Norway (red background, blue and white cross)","Island (blauer Hintergrund,rotes und weißes Kreuz), Norwegen (roter Hintergrund, blaues und weißes Kreuz)","Islandia (fondo azul, cruz roja y blanca), Noruega (fondo rojo, cruz azul y blanca)","Islande (fond bleu, croix rouge et blanche), Norvège (fond rouge, croix bleue et blanche)","Island (blå bakgrunn, rødt og hvitt kors), Norge (rød bakgrunn, blått og hvitt kors)","Island (modré pozadí, červený a bílý kříž), Norsko (červené pozadí, modrý a bílý kříž)","Исландия (синий фон, красный и белый крест), Норвегия (красный фон, синий и белый крест)","IJsland (blauwe achtergrond, rood met wit kruis), Noorwegen (rode achtergrond, blauw met wit kruis)","Island (blå bakgrund, rött och vitt kors), Norge (röd bakgrund, blått och vitt kors)","Islândia (fundo azul, cruz vermelha e branca) e Noruega (fundo vermelho, cruz azul e branca)",冰岛(蓝底，红白交叉)，挪威(红底，蓝白交叉),冰島(藍底、紅白十字)、挪威(紅底、藍白十字),"Islandia (niebieskie tło, czerwono-biały krzyż), Norwegia (czerwone tło, niebiesko-biały krzyż)","Islanda (sfondo blu, croce rossa e bianca), Norvegia (sfondo rosso, croce blu e bianca)","Island (blå baggrund, rødt og hvidt kors), Norge (rød baggrund, blåt og hvidt kors)"
Iceland,"Norway (red background, blue cross), Faroe Islands (white background, red and blue cross)","Norwegen (roter Hintergrund, blaues Kreuz), Färöer (weißer Hintergrund, rotes und blaues Kreuz)","Noruega (fondo rojo, cruz azul), Islas Feroe (fondo blanco, cruz roja y azul)","Norvège (fond rouge, croix bleue), Îles Féroé (fond blanc, croix rouge et bleue)","Norge (rød bakgrunn, blått kors), Færøyene (hvit bakgrunn, rødt og blått kors)","Norsko (červené pozadí, modrý a bílý kříž), Faerské ostrovy (bílé pozadí, červený a modrý kříž)","Норвегия (красный фон, синий крест), Фарерские острова (Белый фон, красный и синий крест)","Noorwegen (rode achtergrond, blauw kruis), Faeröer (witte achtergrond, rood/blauw kruis)","Norge (röd bakgrund, blått kors), Färöarna (vit bakgrund, rött och blått kors)","Noruega (fundo vermelho, cruz azul) e Ilhas Faroé (fundo branco, cruz vermelha e azul)",挪威(红底蓝十字)、法罗群岛(白底红蓝十字),挪威(紅底、藍十字),"Norwegia (czerwone tło, niebieski krzyż), Wyspy Owcze (białe tło, czerwono-niebieski krzyż)","Norvegia (sfondo rosso, croce blu), Fær Øer (sfondo bianco, croce rossa e blu)","Norge (rød baggrund, blåt og hvidt kors), Færøerne (hvid baggrund, rødt og blåt kors)"
Ireland,"Ivory Coast (green and orange flipped, narrower)","Elfenbeinküste (Grün und Orange vertauscht, schmaler)","Costa de Marfil (verde y naranja intercambiados, más estrecha)","Côte d'Ivoire (vert et orange inversés, plus étroit)","Elfenbenskysten (grønn og oransj har byttet plass, smalere)","Pobřeží slonoviny (prohozená zelená a oranžová, užší)","Кот-д'Ивуар (зеленый и оранжевый перевернутый, более узкий)","Ivoorkust (groen en oranje omgekeerd, smaller)","Elfenbenskusten (grön och orange växlade, smalare)","Costa do Marfim (verde e laranja invertidos, mais estreita)",科特迪瓦(绿色和橙色翻转，更窄),象牙海岸(綠橘對調、更窄),"Wybrzeże Kości Słoniowej (zamieniona zieleń i pomarańcz, węższa)","Costa d'Avorio (verde e arancione invertiti, più stretta)","Elfenbenskysten (grøn og orange byttet rundt, smallere)"
Latvia,"Austria (brighter red, wider white band)","Österreich (helleres Rot, breiteres weißes Band)","Austria (rojo más vivo, banda blanca más ancha)","Autriche (rouge plus clair, bande blanche plus large)","Østerrike (lysere rød, brede hvit stripe)","Rakousko (světlejší červená, širší bílý pruh)","Австрия (ярче красный, шире белая полоса)","Oostenrijk (helderder rood, bredere witte band)","Österrike (ljusare röd, bredare vitt band)","Áustria (vermelho mais brilhante, faixa branca mais larga)",奥地利(更亮的红色，更宽的白色带),奧地利(更淺紅色、白線較寬),"Austria (jaśniejsza czerwień, szerszy biały pas)","Austria (rosso più chiaro, banda bianca più larga)","Østrig (lysere rød, bredere hvid stribe)"
Luxembourg,Netherlands (darker blue),Niederlande (dunkleres Blau),Países Bajos (azul más oscuro),Pays-Bas (bleu plus foncé),Nederland (mørkere blå),Nizozemsko (tmavší modrá),Нидерланды (темно-синий),Nederland (donkerder blauw),Nederländerna (mörkare blå),Países Baixos (azul mais escuro),荷兰(深蓝色),荷蘭(更深藍),Holandia (ciemniejszy niebieski),Paesi Bassi (blu più scuro),Nederlandene (mørkere blå)
Moldova,"Andorra (narrower, coat of arms with motto)","Andorra (schmaler, Wappen mit Wahlspruch)","Andorra (más estrecha, escudo con lema)","Andorre (plus étroit, blason avec devise)","Andorra (smalere, våpen med valgspråk)","Andorra (užší, erb s mottem)","Андорра (уже, герб с девизом)","Andorra (smaller, wapen met het motto)","Andorra (smalare, vapensköld med valspråk)","Andorra (mais estreita, brasão com lema)",安道尔(更窄，带有座右铭的纹章),安道爾(更窄、徽章),"Andora (węższa, godło z dewizą)","Andorra (più stretta, stemma con motto)","Andora (smallere, våbenskjold med motto)"
Monaco,"Indonesia (wider, brighter red), Poland (red and white flipped, wider)","Indonesien (breiter, helleres Rot), Polen (Rot und Weiß vertauscht, breiter)","Indonesia (más ancha, rojo más vivo), Polonia (rojo y blanco intercambiados, más ancha)","Indonésie (plus large, rouge plus clair), Pologne (rouge et blanc inversés, plus large)","Indonesia (bredere, lysere rød), Polen (rødt og hvitt byttet, bredere)","Indonésie (širší, světlejší červená), Polsko (prohozená červená a bílá, širší)","Индонезия (шире, ярче красного), Польша (красно-белый перевернутый, шире)","Indonesië (breder, helderder rood), Polen (rood en wit omgekeerd, breder)","Indonesien (bredare, ljusare röd), Polen (röd och vit växlade, bredare)","Indonésia (mais larga, vermelho mais brilhante) e Polônia (mais larga, vermelho e branco invertidos)",印度尼西亚(更宽，红色更亮)，波兰(红色和白色翻转，更宽),印尼(更寬、更淺紅)、波蘭(紅白對調、更寬),"Indonezja (szersza, jaśniejsza czerwień), Polska (zamieniona czerwień i biel, szersza)","Indonesia (più larga, rosso più chiaro), Polonia (rosso e bianco invertiti, più larga)","Indonesien (bredere, lysere rød), Polen (rød og hvid byttet rundt, bredere)"
Netherlands,Luxembourg (lighter blue),Luxemburg (helleres Blau),Luxemburgo (azul más claro),Luxembourg (bleu plus clair),Luxembourg (lysere blå),Lucembursko (světlejší modrá),Люксембург (светло-голубой),Luxemburg (lichter blauw),Luxemburg (ljusare blå),do Luxemburgo (azul mais claro),卢森堡(浅蓝色),盧森堡(更淺藍),Luksemburg (jaśniejszy niebieski),Lussemburgo (blu più chiaro),Luxembourg (lysere blå)
Norway,"Iceland (blue background, red cross), Faroe Islands (white background, red and blue cross)","Island (blauer Hintergrund,rotes Kreuz), Färöer (weißer Hintergrund, rotes und blaues Kreuz)","Islandia (fondo azul, cruz roja), Islas Feroe (fondo blanco, cruz roja y azul)","Islande (fond bleu, croix rouge), Îles Féroé (fond blanc, croix rouge et bleue)","Island (blå bakgrunn, rødt kors), Færøyene (hvit bakgrunn, rødt og blått kors)","Island (modré pozadí, červený kříž), Faerské ostrovy (bílé pozadí, červený a modrý kříž)","Исландия (синий фон, красный крест), Фарерские острова (Белый фон, красный и синий крест)","IJsland (blauwe achtergrond, rood met wit kruis), Faeröer (witte achtergrond, rood/blauw kruis)","Island (blå bakgrund, rött kors), Färöarna (vit bakgrund, rött och blått kors)","Islândia (fundo azul, cruz vermelha) e Ilhas Faroé (fundo branco, cruz vermelha e azul)",冰岛(蓝底，红十字)，法罗群岛(白底，红蓝交叉),冰島(藍底、紅十字)、法羅群島(白底、紅藍十字),"Islandia (niebieskie tło, czerwony krzyż), Wyspy Owcze (białe tło, czerwono-niebieski krzyż)","Islanda (sfondo blu, croce rossa), Fær Øer (sfondo bianco, croce rossa e blu)","Island (blå baggrun, rødt kors), Færøerne (hvid baggrund, rødt og blåt kors)"
Poland,"Indonesia (white and red flipped, brighter red), Monaco (white and red flipped, narrower)","Indonesien (Weiß und Rot vertauscht, helleres Rot), Monaco (Weiß und Rot vertauscht, schmaler)","Indonesia (rojo y blanco intercambiados, rojo más vivo), Mónaco (rojo y blanco intercambiados, más estrecha)","Indonésie (blanc et rouge inversés, rouge plus clair), Monaco (blanc et rouge inversés, plus étroit)","Indonesia (rødt og hvitt byttet, lysere rød), Monaco (rødt og hvitt byttet, smalere)","Indonésie (prohozená bílá a červená), Monako (prohozená bílá a červená, užší)","Индонезия (белый и красный перевернутый, более яркий красный), Монако (белый и красный перевернутый, более узкий)","Indonesië (breder, helderder rood), Monaco (wit en rood omgekeerd, smaller)","Indonesien (vit och röd växlade, ljusare röd), Monaco (vit och röd växlade, smalare)","Indonésia (branco e vermelho invertidos, vermelho mais brilhante) e Mônaco (branco e vermelho invertidos, mais estreita)",印度尼西亚(白色和红色翻转，红色更亮)，摩纳哥(白色和红色翻转，更窄),印尼(白紅對調、更多紅色)、摩納哥(白紅對調、更窄),"Indonezja (zamieniona biel i czerwień, jaśniejsza czerwień), Monako (zamieniona biel i czerwień, węższa)","Indonesia (bianco e rosso invertiti, rosso più chiaro), Monaco (bianco e rosso invertiti, più stretta)","Indonesien (hvid og rød byttet rundt, lysere rød), Monaco (hvid og rød byttet rundt, smallere)"
Romania,Chad (slightly darker blue),Tschad (etwas dunkleres Blau),Chad (azul ligeramente más oscuro),Tchad (bleu légèrement plus foncé),Tsjad (noe mørkere blå),Čad (mírně tmavší modrá),Чад (чуть более темно-синий),Tsjaad (donkerder blauw),Tchad (aningen mörkare blå),Chade (azul ligeiramente mais escuro),乍得(略深蓝色),查德(稍更深藍),Czad (lekko ciemniejszy niebieski),Ciad (blu leggermente più scuro),Tchad (lidt mørkere blå)
Egypt,"Iraq (text instead of emblem), Yemen (no emblem)","Irak (Text anstatt Emblem), Jemen (kein Emblem)","Irak (texto en lugar de escudo), Yemen (sin escudo)","Irak (texte à la place de l'emblème), Yémen (pas d'emblème)","Jemen (blank midstripe), Irak (tekst)","Irák (text místo emblému), Jemen (bez emblému)","Ирак (текст вместо эмблемы), Йемен (без эмблемы)","Irak (tekst in plaats van embleem), Jemen (geen embleem)","Irak (text istället för statsvapen), Jemen (inget statsvapen)",Iraque (texto em vez de emblema) e Iêmen (sem emblema),伊拉克(文字代替徽记)、也门(无徽记),伊拉克(文字、無徽章)、葉門(無徽章),"Irak (napis zamiast godła), Jemen (brak godła)","Iraq (testo al posto dell'emblema), Yemen (senza emblema)","Irak (tekst i stedet for emblem), Yemen (intet emblem)"
Cameroon,"Senegal (green/yellow/red, green star)","Senegal (Grün/Gelb/Rot, grüner Stern)","Senegal (verde/amarillo/rojo, estrella verde)","Sénégal (vert/jaune/rouge, étoile verte)","Senegal (grønn/gul/rød, grønn stjerne)","Senegal (zelená/žlutá/červená, zelená hvězda)","Сенегал (зеленый/желтый/красный, зеленая звезда)","Senegal (groen/geel/rood, groene ster)","Senegal (grön/gul/röd, grön stjärna)","Senegal (verde/amarelo/vermelho, estrela verde)",塞内加尔(绿/黄/红，绿星),塞內加爾(綠黃紅、綠色星星),"Senegal (zielono-żółto-czerwona, zielona gwiazda)","Senegal (verde/giallo/rosso, stella verde)","Senegal (grøn/gul/rød, grøn stjerne)"
Chad,Romania (slightly lighter blue),Rumänien (etwas helleres Blau),Rumania (azul ligeramente más claro),Roumanie (bleu légèrement plus clair),Romania (noe lysere blå),Rumunsko (mírně světlejší modrá),Румыния (немного светлее синего цвета),Roemenië (lichter blauw),Rumänien (aningen ljusare blå),Romênia (azul ligeiramente mais claro),罗马尼亚(略浅蓝色),羅馬尼亞(稍微淺藍),Rumunia (lekko jaśniejszy niebieski),Romania (blu leggermente più chiaro),Rumænien (lidt lysere blå)
Ivory Coast,"Ireland (orange and green flipped, wider)","Irland (Orange und Grün vertauscht, breiter)","Irlanda (naranja y verde intercambiados, más ancha)","Irlande (orange et vert inversés, plus large)","Ireland (byttet plass på oransje og grønt, bredere)","Irsko (prohozená oranžová a zelená, širší)","Ирландия (оранжево - зеленый перевернутый, шире)","Ierland (oranje en groen omgekeerd, breder)","Irland (orange och grön växlade, bredare)","Irlanda (laranja e verde invertidos, mais larga)",爱尔兰(橙色和绿色翻转，更宽),愛爾蘭(橘綠對調、更寬),"Irlandia (zamieniona pomarańcz i zieleń, szersza)","Irlanda (arancione e verde invertiti, più larga)","Irland (orange og grøn byttet rundt, bredere)"
Mali,"Guinea (green and red flipped, slightly darker green)","Guinea (Grün und Rot vertauscht, etwas dunkleres Grün)","Guinea (verde y rojo intercambiados, verde ligeramente más oscuro)","Guinée (vert et rouge inversés, vert légèrement plus foncé)","Guinea (byttet plass på grønt og rødt, noe mørkere grønnfarge)","Guinea (prohozená zelená a červená, mírně tmavší zelená)","Гвинея (зеленая и красная перевернутая, чуть более темно-зеленая)","Guinee (groen en rood omgekeerd, donkerder groen)","Guinea (grön och röd växlade, aningen mörkare grön)","Guiné (verde e vermelho invertidos, verde ligeiramente mais escuro)",几内亚(绿色和红色翻转，绿色略深),圭亞那(綠紅對調、稍微深綠),"Gwinea (zamieniona zieleń i czerwień, lekko ciemniejsza zieleń)","Guinea (verde e rosso invertiti, verde leggermente più scuro)","Guinea (grøn og rød byttet rundt, lidt mørkere grøn)"
Senegal,"Cameroon (green/red/yellow, yellow star)","Kamerun (Grün/Rot/Gelb, gelber Stern)","Camerún (verde/rojo/amarillo, estrella amarilla)","Cameroun (vert/rouge/jaune, étoile jaune)","Kamerun (grønn/rød/gul, gul stjerne)","Kamerun (zelená/červená/žlutá, žlutá hvězda)","Камерун (зеленый/красный/желтый, желтая звезда)","Kameroen (groen/rood/geel, gele ster)","Kamerun (grön/röd/gul, gul stjärna)","Camarões (verde/vermelho/amarelo, estrela amarela)",喀麦隆(绿/红/黄，黄星),喀麥隆(綠紅黃、黃色星星),"Kamerun (zielono-czerwono-żółta, żółta gwiazda)","Camerun (verde/rosso/giallo, stella gialla)","Cameroun (grøn/rød/gul, gul stjerne)"
Sudan,"Palestine (black/white/green, red arrow)","Palästina (Schwarz/Weiß/Grün, roter Pfeil)","Palestina (negro/blanco/verde, triángulo rojo)","Palestine (noir/blanc/vert, flèche rouge)","Palestina (svart/hvit/grønn, rød trekant)","Stát Palestina (černá/bílá/zelená, červená šipka)","Палестина (черный/белый/зеленый, красная стрелка)","Palestina (zwart/wit/groen, rode pijl)","Palestina (svart/vit/grön, röd triangel)","Palestina (preto/branco/verde, seta vermelha)",巴勒斯坦(黑/白/绿，红色箭头),巴勒斯坦(黑白綠、紅色箭頭),"Palestyna (czarno-biało-zielona, czerwony trójkąt)","Palestina (nero/bianco/verde, triangolo rosso)","Palæstina (sort/hvid/grøn, rød pil)"
Bahrain,"Qatar (wider, more serrated edges, maroon)","Katar (breiter, mehr kleinere Zacken, rotbraun)","Catar (más ancha, dientes más serrados, granate)","Qatar (séparation plus large et dentelée, pourpre/marron)","Qatar (bredere, flere tagger og jordbrun farge)","Katar (širší, větší počet zoubků, tmavší červená)","Катар (более широкий, с более зазубренными краями, темно-бордовый)","Qatar (breder, meer gekartelde randen, kastanjebruin)","Qatar (bredare, fler tänder, rödbrun)","Catar (mais larga, bordas serrilhadas, marrom)",卡塔尔(更宽，锯齿状边缘，栗色),卡達(更寬、更多鋸齒狀邊緣、栗紅色),"Katar (szersza, więcej klinów, koloru bordowego)","Qatar (più larga, più bordi seghettati, rosso granata)","Qatar (bredere, flere takkede kanter, kastanjabrun)"
Indonesia,"Monaco (narrower, darker red), Poland (red and white flipped, darker red)","Monaco (schmaler, dunkleres rot), Polen (Rot und Weiß vertauscht, dunkleres rot)","Mónaco (más estrecha, rojo más oscuro), Polonia (rojo y blanco intercambiados, rojo más oscuro)","Monaco (plus étroit, rouge plus foncé), Pologne (rouge et blanc inversés, rouge plus foncé)","Monaco (smalere, mørkere rød), Polen (rødt og hvitt byttet, mørkere rød)","Monaco (užší, tmavší červená), Polsko (prohozená červená a bílá, tmavší červená)","Монако (более узкий, темно-красный), Польша (красно-белый перевернутый, темно-красный)","Monaco (smaller, donkerder rood), Polen (rood en wit omgekeerd, donkerder rood)","Monaco (smalare, mörkare röd), Polen (röd och vit växlade, mörkare röd)","Mônaco (mais estreita, vermelho mais escuro) e Polônia (vermelho e branco invertidos, vermelho mais escuro)",摩纳哥(更窄，红色更深)，波兰(红白翻转，红色更深),摩納哥(更窄、更深紅)、波蘭(紅白對調、更深紅),"Monako (węższa, ciemniejsza czerwień), Polska (zamieniona czerwień i biel, ciemniejsza czerwień)","Monaco (più stretta, rosso più scuro), Polonia (rosso e bianco invertiti, rosso più scuro)","Monaco (smallere, mørkere rød), Polen (rød og hvid byttet rundt, mørkere rød)"
Iraq,"Egypt (emblem instead of text), Yemen (no text)","Ägypten (Emblem statt Text), Jemen (kein Text)","Egipto (escudo en lugar del texto), Yemen (sin texto)","Égypte (emblème à la place du texte), Yémen (pas de texte)","Jemen (blank midstripe), Egypt (emblem)","Egypt (emblém místo textu), Yemen (bez textu)","Египет (эмблема вместо текста), Йемен (без текста)","Egypte (embleem in plaats van tekst), Jemen (geen tekst)","Egypten (statsvapen istället för text), Jemen (ingen text)",Egito (emblema em vez de texto) e Iêmen (sem texto),埃及(标志代替文字)、也门(无文字),埃及(徽章、非文字)、葉門(無文字),"Egipt (godło zamiast napisu), Jemen (brak napisu)","Egitto (emblema al posto del testo), Yemen (senza testo)","Ægypten (emblem i stedet for tekst), Yemen (ingen tekst)"
Palestine,"Sudan (red/white/black, green arrow), Sahrawi Arab Democratic Republic (with star and crescent)","Sudan (Rot/Weiß/Schwarz, grüner Pfeil), Demokratische Arabische Republik Sahara (mit Stern und Halbmond)","Sudán (rojo/blanco/negro, triángulo verde), República Árabe Saharaui Democrática (con creciente y estrella)","Soudan (rouge/blanc/noir, flèche verte), République arabe sahraouie démocratique (avec étoile et croissant)","Sudan (rød/hvit/svart, grønn trekant), Vest-Sahara (med stjerne og halvmåne)","Súdán (červená/bílá/černá, zelená šipka), Saharská arabská demokratická republika (s hvězdou a půlměsícem)","Судан (красный/белый/черный, зеленая стрелка), Сахарская Арабская Демократическая Республика (со звезда и полумесяц)","Soedan (rood/wit/zwart, groene pijl), Sahrawi Arabische Democratische Republiek (met wassende maan en ster)","Sudan (röd/vit/svart, grön triangel), Sahariska arabiska demokratiska republiken (med stjärna och halvmåne)","Sudão (vermelho/branco/preto, seta verde) e República Árabe Saaraui Democrática (com estrela e crescente)",苏丹(红/白/黑、绿箭头)、阿拉伯撒哈拉民主共和国(有星形和新月形),蘇丹(紅白黑、綠色箭頭)、西撒哈拉(星星與新月),"Sudan (czerwono-biało-czarna, zielony trójkąt), Sahara Zachodnia (z gwiazdą i półksiężycem)","Sudan (rosso/bianco/nero, triangolo verde), Repubblica Democratica Araba dei Sahrawi (con stella e mezzaluna)","Sudan (rød/hvid/sort, grøn pil), Vestsahara (med stjerne og halvmåne)"
Sahrawi Arab Democratic Republic,Palestine (no symbol),Palästina (kein Symbol),Palestina (sin símbolo),Palestine (pas de symbole),Palestina (uten symbol),Stát Palestina (bez symbol),Палестина (без символа),Palestina (geen symbool),Palestina (ingen symbol),Palestina (sem símbolo),巴勒斯坦(无符号),巴勒斯坦(無標誌),Palestyna (brak symbolu),Palestina (nessun simbolo),Palæstina (intet symbol)
Qatar,"Bahrain (narrower, fewer serrated edges, red)","Bahrain (enger, weniger Zacken, rot)","Baréin (más estrecha, menos dientes de sierra, roja)","Bahreïn (séparation plus étroite et moins dentelée, rouge)","Bahrain (smalere, færre tagger, rødt)","Bahrajn (užší, méně zoubků, červená)","Бахрейн (более узкий, с меньшим количеством зубчатых краев, красный)","Bahrein (smaller, minder gekartelde randen, rood)","Bahrain (smalare, färre tänder, röd)","Barém (mais estreita, menos bordas serrilhadas, vermelha)",巴林(更窄，锯齿边缘更少，红色),巴林(更窄、更少鋸齒狀邊緣、紅色),"Bahrajn (węższa, mniej klinów, czerwona)","Bahrein (più stretta, meno bordi seghettati, rossa)","Bahrain (smallere, færre takkede kanter, rød)"
Yemen,"Egypt (with emblem), Iraq (with text)","Ägypten (mit Emblem), Irak (mit Text)","Egipto (con escudo), Irak (con texto)","Égypte (avec un emblème), Irak (avec du texte)","Egypt (emblem), Irak (tekst)","Egypt (má emblém), Irák (má text)","Египет (с эмблемой), Ирак (с текстом)","Egypte (met embleem), Irak (met tekst)","Egypten (med emblem), Irak (med text)","Egito (com emblema), e Iraque (com texto)",埃及(带徽章)、伊拉克(带文字),埃及(徽章)、伊拉克(文字),"Egipt (godło), Irak (napis)","Egitto (con l'emblema), Iraq (con il testo)","Ægypten (med emblem), Irak (med tekst)"
Australia,"New Zealand (red stars, two fewer stars)","Neuseeland (rote Sterne, zwei Sterne weniger)","Nueva Zelanda (estrellas rojas, dos estrellas menos)","Nouvelle-Zélande (étoiles rouges, deux étoiles de moins)",New Zealand (røde stjerner),"Nový Zéland (červené hvězdy, o dvě hvězdy méně)","Новая Зеландия (красные звезды, на две звезды меньше)","Nieuw-Zeeland (rode sterren, twee sterren minder)","Nya Zeeland (röda stjärnor, två färre stjärnor)","Nova Zelândia (estrelas vermelhas, duas estrelas a menos)",新西兰(红星，少两颗星),紐西蘭(紅色星星、少兩顆星星),"Nowa Zelandia (czerwone gwiazdy, o dwie gwiazdy mniej)","Nuova Zelanda (stelle rosse, due stelle in meno)","New Zealand (røde stjerner, to færre stjerner)"
Bolivia,Ghana (star instead of coat of arms),Ghana (Stern anstatt Wappen),Ghana (estrella en lugar del escudo),Ghana (étoile à la place du blason),Ghana (stjerne i stedet for våpenskjold),Ghana (hvězda místo erbu),Гана (звезда вместо герба),Ghana (ster in plaats van wapen),Ghana (stjärnor istället för vapensköld),Gana (estrela em vez de brasão),加纳(星而不是国徽),迦納(星星、非徽章),Ghana (gwiazdy zamiast godła),Ghana (stella al posto dello stemma),Ghana (stjerner i stedet for våbenskjold)
Colombia,Ecuador (with coat of arms),Ecuador (mit Wappen),Ecuador (con escudo),Équateur (avec blason),Ecuador (med våpenskjold),Ekvádor (s erbem),Эквадор (с гербом),Ecuador (met wapen),Ecuador (med vapensköld),Equador (com brasão),厄瓜多尔(有国徽),厄瓜多(有徽章),Ekwador (godło),Ecuador (con lo stemma),Ecuador (med våbenskjold)
Ecuador,Colombia (no coat of arms),Kolumbien (kein Wappen),Colombia (sin escudo),Colombie (pas de blason),Colombia (uten våpenskjold),Kolumbie (bez erbu),Колумбия (без герба),Colombia (geen wapen),Colombia (ingen vapensköld),Colômbia (sem brasão),哥伦比亚(无国徽),哥倫比亞(無徽章),Kolumbia (brak godła),Colombia (senza stemma),Colombia (intet våbenskjold)
Puerto Rico,"Cuba (red triangle, blue stripes)","Kuba (rotes Dreieck, blaue Streifen)","Cuba (triángulo rojo, bandas azules)","Cuba (triangle rouge, bandes bleues)","Cuba (rød trekant, blå striper)","Kuba (červená šipka, modré pruhy)","Куба (Красный треугольник, синие полосы)","Cuba (rode driehoek, blauwe strepen)","Kuba (röd triangel, blå ränder)","Cuba (triângulo vermelho, listras azuis)",古巴(红三角，蓝条纹),古巴(紅色三角、紅條紋),"Kuba (czerwony trójkąt, niebieskie pasy)","Cuba (triangolo rosso, strisce blu)","Cuba (rød trekant, blå striber)"
Cuba,"Puerto Rico (blue triangle, red stripes)","Puerto Rico (blaues Dreieck, rote Streifen)","Puerto Rico (triángulo azul, bandas rojas)","Porto Rico (triangle bleu, bandes rouges)","Puerto Rico (blå trekant, røde striper)","Puerto Rico (modrá šipka, červené pruhy)","Пуэрто-Рико (синий треугольник, красные полосы)","Puerto Rico (blauwe driehoek, rode strepen)","Puerto Rico (blå triangel, röda ränder)","Porto Rico (triângulo azul, listras vermelhas)",波多黎各(蓝色三角形，红色条纹),波多黎各(藍三角、紅條紋),"Portoryko (niebieski trójkąt, czerwone pasy)","Porto Rico (triangolo blu, strisce rosse)","Puerto Rico (blå trekant, røde striber)"
El Salvador,"Nicaragua (different coat of arms, slightly lighter blue)","Nicaragua (anderes Wappen, etwas helleres Blau)","Nicaragua (escudo diferente, azul ligeramente más claro)","Nicaragua (blason différent, bleu légèrement plus clair)","Nicaragua (annerledes våpenskjold, noe lysere blå)","Nicaragua (jiný erb, mírně světlejší modrá)","Никарагуа (другой герб, немного более светлый синий)","Nicaragua (ander wapen, lichter blauw)","Nicaragua (annan vapensköld, aningen ljusare blå)","Nicarágua (brasão diferente, azul ligeiramente mais claro)",尼加拉瓜(不同的纹章，略浅的蓝色),尼加拉瓜(不同徽章、稍淺藍),"Nikaragua (inne godło, lekko jaśniejszy niebieski)","Nicaragua (stemma diverso, blu leggermente più chiaro)","Nicaragua (forskelligt våbenskjold, lidt lysere blå)"
Nicaragua,"El Salvador (different coat of arms, slightly darker blue)","El Salvador (anderes Wappen, etwas dunkleres Blau)","El Salvador (escudo diferente, azul ligeramente más oscuro)","Salvador (blason différent, bleu légèrement plus foncé)","El Salvador (annerledes våpenskjold, noe mørkere blå)","Salvador (jiný erb, mírně tmavší modrá)","Сальвадор (другой герб, чуть более темно-синий)","El Salvador (ander wapen, donkerder blauw)","El Salvador (annan vapensköld, aningen mörkare blå)","El Salvador (brasão diferente, azul ligeiramente mais escuro)",萨尔瓦多(不同的纹章，略深的蓝色),薩爾瓦多(不同徽章、稍深藍),"Salwador (inne godło, lekko ciemniejszy niebieski)","El Salvador (stemma diverso, blu leggermente più scuro)","El Salvador (forskelligt våbenskjold, lidt mørkere blå)"
Ghana,Bolivia (coat of arms instead of star),Bolivien (Wappen anstatt Stern),Bolivia (escudo en lugar de la estrella),Bolivie (blason à la place de l'étoile),Bolivia (våpenskjold i stedet for stjerne),Bolívie (erb místo hvězdy),Боливия (герб вместо звезды),Bolivia (wapen in plaats van ster),Bolivia (vapensköld istället för stjärna), Bolívia (brasão de armas em vez de estrela),玻利维亚(徽章而不是星形),波利維亞(徽章、非星星),Boliwia (godło zamiast gwiazd),Bolivia (stemma al posto della stella),Bolivia (våbenskjold i stedet for stjerne)
Guinea,"Mali (red and green flipped, slightly brighter green)","Mali (Rot und Grün vertauscht, etwas helleres Grün)","Malí (rojo y verde intercambiados, verde ligeramente más vivo)","Mali (rouge et vert inversés, vert légèrement plus clair)",Mali (byttet plass på rødt og grønt; noe lysere grønn),"Mali (prohozená červená a zelená, mírně světlejší zelená)","Мали (красный и зеленый перевернуты, немного ярче зеленого)","Mali (rood en groen omgekeerd, helderder groen)","Mali (röd och grön växlade, aningen ljusare grön)","Mali (vermelho e verde invertidos, verde ligeiramente mais brilhante)",马里(红绿翻转，绿色略亮),馬利(紅綠對調、更淺綠),"Mali (zamieniona czerwień i zieleń, lekko jaśniejsza zieleń)","Mali (rosso e verde invertiti, verde leggermente più chiaro)","Mali (rød og grøn byttet rundt, lidt lysere grøn)"
New Zealand,"Australia (white stars, two more stars)","Australien (weiße Sterne, zwei weitere Sterne)","Australia (estrellas blancas, dos estrellas más)","Australie (étoiles blanches, deux étoiles de plus)",Australia (hvite stjerner og to ekstra stjerner),"Austrálie (bílé hvězdy, o dvě hvězdy více)","Австралия (белые звезды, еще две звезды)","Australië (witte sterren, twee sterren meer)","Australien (vita stjärnor, två fler stjärnor)","Austrália (estrelas brancas, duas estrelas a mais)",澳大利亚(白星，多两颗星),澳洲(白色星星、多兩顆星星),"Australia (białe gwiazdy, o dwie gwiazdy więcej)","Australia (stelle bianche, due stelle in più)","Australien (hvide stjerner, to stjerner mere)"
Curaçao,Nauru (single star below yellow band),Nauru (einzelner Stern unter gelbem Band),Nauru (una sola estrella debajo de la banda amarilla),Nauru (une seule étoile sous la bande jaune),Nauru (en enkelt stjerne under et gult bånd),Nauru (jen jedna hvězda pod žlutým pruhem),Науру (одиночная звезда под желтой полосой),Nauru (enkele ster onder de gele band),Nauru (ensam stjärna under den gula randen),Nauru (estrela única abaixo da faixa amarela),瑙鲁(黄带下方的单星),諾魯(僅一顆星星於黃線下),Nauru (jedna gwiazda pod żółtym pasem),Nauru (una sola stella sotto la banda gialla),Nauru (enkelt stjerne under gul stribe)
Nauru,Curaçao (two stars in top-left corner),Curaçao (zwei Sterne in der oberen linken Ecke),Curazao (dos estrellas en la esquina de arriba a la izquierda),Curaçao (deux étoiles en haut à gauche),Curaçao (to stjerner i øverste venstre hjørne),Curaçao (dvě hvězdy v levém horním rohu),Кюрасао (две звезды в левом верхнем углу),Curaçao (twee sterren in de linkerbovenhoek),Curaçao (två stjärnor i övre vänstra hörnet),Curaçao (duas estrelas no canto superior esquerdo),库拉索岛(左上角的两颗星),庫拉索(左上角有兩顆星星),Curaçao (dwie gwiazdy w lewym górnym rogu),Curaçao (due stelle nell'angolo in alto a sinistra),Curaçao (to stjerne i øverste venstre hjørne)
Russia,Slovakia (with coat of arms),Slowakei (mit Wappen),Eslovaquia (con escudo),Slovaquie (avec blason),Slovakia (med våpenskjold),Slovensko (s erbem),Словакия (с гербом),Slowakije (met wapen),Slovakien (med vapensköld),Eslováquia (com brasão),斯洛伐克(有国徽),斯洛伐克(有徽章),Słowacja (godło),Slovacchia (con lo stemma),Slovakiet (med våbenskjold)
Slovakia,"Russia (no coat of arms), Slovenia (wider, smaller coat of arms)","Russland (kein Wappen), Slowenien (breiter, kleineres Wappen)","Rusia (sin escudo), Eslovenia (más ancha, escudo más pequeño)","Russie (pas de blason), Slovénie (plus large, blason plus petit)","Russland (uten våpenskjold), Slovenia (bredere, mindre våpenskjold)","Rusko (bez erbu), Slovinsko (širší, menší erb)","Россия (без герба), Словения (шире, меньший герб)","Rusland (geen wapen), Slovenië (breder, kleiner wapen)","Ryssland (ingen vapensköld), Slovenien (bredare, mindre vapensköld)",Rússia (sem brasão) e Eslovênia (brasão mais largo e menor),俄罗斯(无国徽)、斯洛文尼亚(更宽、更小的国徽),俄羅斯(沒徽章)、斯洛維尼亞(更寬、更小的徽章),"Rosja (brak godła), Słowenia (szersza, mniejsze godło)","Russia (senza stemma), Slovenia (più larga, stemma più piccolo)","Rusland (intet våbenskjold), Slovenien (bredere, mindre våbenskjold)"
Slovenia,"Slovakia (narrower, bigger coat of arms)","Slowakei (schmaler, größeres Wappen)","Eslovaquia (más estrecha, escudo más grande)","Slovaquie (plus étroit, blason plus grand)","Slovakia (smalere, større våpenskjold)","Slovensko (užší, větší erb)","Словакия (уже, больший герб)","Slowakije (smaller, groter wapen)","Slovakien (smalare, större vapensköld)","Eslováquia (mais estreita, brasão maior)",斯洛伐克(更窄、更大的国徽),斯洛伐克(更窄、更大的徽章),"Słowacja (węższa, większe godło)","Slovacchia (più stretta, stemma più grande)","Slovakiet (smallere, større våbenskjold)"
