country,guid,guid:de,guid:es,guid:fr,guid:nb,guid:cs,guid:ru,guid:nl,guid:sv,guid:pt,guid:zh,guid:zh-tw,guid:pl,guid:it,guid:da
England,e+/O]%*qfk,7rv=E6qjR%,6=u<D5pin$,p);vRzMs+W,"iR~,tG{Val",C{]JF%%mr*,Jm&ky}FZz?,K`AixN?4fO,M@9EfpNi;z,O>f7b9D1hF,"Nwl0,aw[|b",CpdOVg*sVU,Eiu-RV/Iic,f_uVf>>h!/,HhCAt{`FkH
Scotland,h~5xz+=ke~,!Le9##zdQ2,9hd8!!ycm1,Ive-9<)?/,dYU=!{y0JI,CzhyKE{%zy,bms0vPoZ2i,yM2(NER.TK,Gpeah<lh@u,x1O4C)?pj1,s~>jc!QM+^,tC&_:#$T2i,jr&*:[}a%D,uKBh:(M6z#,v%l&+z)c=t
United Kingdom,s9-GL*@AXD,.it+:!Ct{^,-*s*/9Bs5],o6puwHE{j4,o+)poCG*[u,uMj[iKx*FT,OIwD?Vq[H},Ca99PA=59O,"nN,;(#X}Wt","oV{vjm9,oV","D[xLjx,P&[","s*-,K{=?iY",tjvz_4.G7@,PMI(q1BU:[,d{V%m8RM^K
Northern Ireland,cPO|Cru8n<,5>=J&k61ZP,4X<I%j50vO,ua?z9KS@^h,rymWNfd[Q[,t2Q}Uw:@3V,b9(smVRG!j,"oTXQ,6j^=,",b4O.fdq=&&,qRhw-3oO|0,cT*U%JzhoF,"d0,7(>HBr,",G9`LF2O_m`,"eqF,s<iz9F",mspp{o}BqI
France,m*#%sE.`.;,(qkm4xu>uO,&<jl3wt=@N,o.l+o.aIv#,PgW-Gd/F7?,qd!suvo&1v,G=a}N]t`St,z&9OM<varw,pk+~~g89%y,BYSXQQPC^Z,gM^A_*CP;=,t4{:V^Zw/O,dRf_q_gZ=q,IN2Vuk#F;>,rstd_.g5:r
Wales,hNE9}>;Q&-,!<)iK-xJnK,"9V(hJ,wI/J",i+%_VY]7bt,D_u6CIg+wo,zT0L2L~T>H,ry#$]bo`k},plhRl:Tz/O,Ae@YR@cdSW,KgOKBn.!r{,D`cK5{Bf(v,v0nE;h~kZ~,KB32Lzzff7,z+j0z0e&+>,JPnLHNC0x3
Georgia,jN|NAUP*h},$<J<$N>!T1,#VI;#M=9p0,vwLrgavleL,emhqi6m<;X,rNr_y>Sm<E,hE`:7lrR4P,F5Vc$<OC20,h>OmJ~oZ~|,Bs.>u/)4+/,s3!<lIj#Kn,uG2|*|Yh}_,N:NFPUaE)d,t!i[6HG>P?,n#ItI:gZyE
Germany,"j|z@PMgdx,",$J#C>FS{9J,#f!B=ER`FI,umk_Ql/M`8,K-DUUlt#`y,vt!WOLxZl$,Qhq[TBO5H),HM%kKM-7l.,gM+}.:OZH],Ooz-xs3u9<,"Ev>k]3}Q,)",q@%w%D:POo,K)!dRmp|}@,yt8CNByOZs,Mv>trkGo{S
Greece,n+t>2`:;P/,)r5Ab>w*>M,(=4za=v)XL,F*@Hxe1UYX,dSwjDNnc7[,nG#=Zxp5Qn,yT?~lnZ:gX,O8/WkWCPZP,wH[5PSfX;K,BhD{XddD~W,gbrfcUD:c-,FM9N-?A5Ml,"n+bE8**,!P",OhS%m6wjrH,iYgSvir%)V
Greenland,ilGtw#=asM,#X+584z^4c,!t*473y]Ab,oTmq$Cq1H`,fWbYL=>/W&,l]+1ZOhWt<,jI?2qf!yDb,e(k0BGyL4h,Qi.AoC*UvT,MGy&<;.7Fv,p@-D*C4Kbm,l5`IXuhK?7,u/n1Ph{G86,s/XSB=3<_M,qL#}r|5Mt`
Hungary,mcc&0Kq^xE,(OOn~D2<9_,&kNm}C1;F^,fe<{h`wWIF,"L5j),}Ge5(",u3}~&(A[aZ,w]]>DB_&l`,"z+,{cjN9md",j^H$O[w*tW,p38Y/C3r?j,D5q1rNo281,;jH7jP541,Kq>`Uk5#}c,w}zN{&/Ro;,DP|7nmfMGQ
Albania,gz9${p}er*,9#ilIiK|3H,8HhkHhJ{zG,dTNjd[5|Ge,l$1j[S4Z_w,noQ|9=PqcG,PiubQg^Ss5,Hp1dL9r:*P,O:){fAE+[h,h{SZE<_@pF,"N6}g0,2?-s",i_WupG5`NH,e=09`Q:lUY,MIvjS4ep`{,z2[w)b%6;V
Andorra,dY96`C-f(_,6|ifHvt}oX,56heGus|:W,e?6[KX^Js+,AY#z1NqLE<,A7Cj*hqC7[,I7y6V2sDdB,CY;OB`EDX7,KUSv4_ZftC,wDA~K0^p(*,K4=tg/ma1*,"wc`HJI6~,]",oC1a!U&Wzg,P*&eD$m6f6,d.8!=y^r?T
Austria,r>aI-$$|wT,-AM-t5l@8j,",{L,s4k?Ei",CJb&~c&tZv,po@@>#g44W,pbX.~.6OJO,v~cPQn}Wc%,p((H!2~3O7,f`?#zj#)DE,I|&C8!2</#,JPoz};:Ba!,kiaWqH-#7N,LL=PU%A:N#,r6rNn|YxO@,G1Q&LOe!Nv
Azerbaijan,"k9E.p^<u$,",%i)u1<ynlJ,$*(t0;xm-I,"0/,+rSKt6",ru^aT_ML-F,AQZNs:<Ihn,b}AIti8H8S,oW=/gF6ZOL,"x]u},H#?K~",NQY/-?zn+<,H4lC2*%CBb,G0q=;>H3&w,K>>:KH9MRE,gS5w7:~k+W,E]kIhV<iIn
Belarus,l$zM~ihPFE,&l#;LbTI*_,%-!:KaSHN^,qTFGENa@Y3,eX=4L.MZ/),D8N9aGT(YL,kOtGr;P3}k,Cx2EH*D>}Z,"B,[GBme-:n",LtQnEnv]mQ,sQm9Z?B{Ev,hN2OiouPH=,DZ!K/rYi5v,y@l~%6h-KD,cK+qJN(Y0Z
Belgium,jTNoKo}Bu+,$]<0/hKu6I,#1;Z.gJtCH,AtMq%)YA4~,j4W[{Wd$i.,gM5c_bst5A,pJE)w+ZJK%,LW*h#/!%&m,rF%zt5M&?-,iM3lUK!|>*,B7lvLZ3Ab,r>T|)f-nqo,bO(L55c^DT,Ay9!s9h9E(,k1U3Xpt_Fz
Bosnia and Herzegovina,mz[>>AxIr4,(#DAAt9B3u,&HCzzs8Azt,"O0NI(S,j2o",g3SU#SH>>e,Pqi/=VQrpE,?R^lQY*D*,cU)|/vPi6j,z9T_hmmT*f,cIm?2955ae,nL!|kr$O/~,gasQ]L`h5j,h8#>aN=*pf,f/j>XFf+#$,mf?[qcKLQN
Bulgaria,u4^lH.xem5,":dFX,&9|Yv",/$EW+%8{uu,m]_=p1zwik,yLv#s7(0/U,e%6%K/Fo7O,n8DMh4+UMz,M5*2c!ENJ`,v3/LK?TI+,cSW!~j9W8E,ikqk(b.J~O,FIs`1u}Odu,gywmUJO7sG,QOxTzx6+3Z,D=o(;#f23a
Croatia,bk2ByZIeU+,4Wb%!S-|^I,"3sa$9R,{2H",uuu#3&G{(R,n`P0w@?q1u,B&Pa`TK.W@,DNb~sC&J5%,ed!}~imM[!,GO8K><b?f2,v%N%D<K[gS,d1TE(!31ZM,"b.Wj,U~Sam",APd:*Sw~Jo,iNgR%2Eok/,/E5Rk.RSJ
Czech Republic,twrhzJ[k:Z,/83T#CDdwp,.E2S!BCc]o,qMOzrk<+(:,fy^;okm_1k,gMpU6QZpk{,if&Ipt4{R!,pV`:gi7=r2,wR=%k%E3:i,pa6]%Am.&V,pCEgO0#[W7,"KJ7-X>}A,U",di!SB-uMRM,M)U~!.GHXt,M4*OI7|Ubj
Denmark,kS)hDm%w}R,%[pT(fmpKh,$0oS&elogg,zXq}ul(8_E,EHD^CXLh4!,xT>UY=~g;v,gd(%cHqsMU,d!lJ)zdUTJ,wh@G!lN$Q|,y+Y77T.gg&,PK<SUaP1D8,EazycZ_Z^_,Lg7/ATNE^0,tZ&S#fk9|7,r;&9#reAq>
Estonia,"AES],s:8=","t)iVs4wh,",sMhU>3vg+,i_0H+>}|<.,d55<bwWcif,y29//}tZ9$,paYW617a]n,gGm>+9`k&,w2^A.*A;0^,"yv4SxGLP&,",Q*@?lCT!6Y,"rg~Oxq&v,q","L+Q,hK5:`o",E(@2N+6d/F,x@&HED.U@#
Faroe Islands,k[)#L4.[v3,%Dpk:Xu:7t,$~oj/Wt/Ds,"G6=c,ll^]`",Fwsjx3/<>H,LKI5~A(OZ!,qLh1v`1iQr,dG[-P1]Ly-,ca`<lL]SBn,gaM:=v}hwy,yOxL^*11zC,Q1_h^!D<oZ,o_Q;]Pr)2K,d?;n+GrH-G,Jb!k3Zk952
Finland,k}A9]O:0xw,%K$iEHwT9<,$g#hDGvSF;,jk_(_rr<<!,n{xEq+_:c{,Q`OBBA(IqJ,f6}E@C#_3N,rd_(OgnX-P,lsc1G{vU4.,f*6$32AnHC,"f,wQ8f$+-Z",yw83IoJAel,grrlv;lc|U,E;Z<wxH@`H,k/--0=CQ24
Iceland,j7eEZkzsCZ,$gQ)}d#l&p,#(P(|c!kKo,"IJG[L,X;A3",rQ)Q-EabYy,BCT|*-aN8t,x4g!MZegS},trUg0y&dqG,C[bMs5PN|d,Pvf0f_)tm@,cwo0tsYhFy,EH/@$WQER7,jQ(g9H1Yt{,i~F@r{J+u8,v?p{P_T(=Y
Ireland,s<_WLSB3I/,.yG`:L%W-M,-_F_/K$VQL,"vaSXyU,d,a",oLdeL6a~[X,"l]B_A,?ph!",Gir-4TL#W$,p/C10M3xxF,DVc[0B1#@*,"b#,3j{C;Ii",p}s&{JwwI+,QU($n4/X`2,"tSLAu,1V>Q",vpptc>@ky4,M%2Z1/~Y[S
Italy,cYKvF#ptF7,5|/7*41m*x,46.6)30lNw,L[=I7EcROn,b<&&OM3fYy,p2-()%uZj7,"A,M2k`~Wd[",COfUkybfx],P;wx%Rx}g%,jFu+)N8B>b,GTU:+%4s@|,OcX5@&/D_t,K04)[9u{;U,gI<leNqM>$,qSdx6-.~po
Latvia,m)WUtJS`H&,"(p`^5C[>,E",&;_]4B@=PD,L&#(>5c7a*,uo7@ZxIP[$,It2!t/-o?>,ld2~^b3]8e,"lQZ,yi}j,|",i3-W.8A8pC,OO%Kq^F$Z`,MSDqc%Hd#M,Aj|9mQ]LS`,BtHgf2gsJL,MD`pyb>HGd,m2L<-H#(|p
Liechtenstein,l$2O|9w`F~,&lb=J28>*2,%-a<I17=N1,Q}6:Ng``xM,dmsIj2JJlB,M*;rH]4K.>,B}gk}F/NJD,c7Zh2xn$t_,x^M8w2)s#:,B|UQP+^>3F,AcOtM]ORs9,Nhkr}IapHQ,P+B8Wp;7<T,CFWj]E71DD,kxy_[68Eh$
Lithuania,kZ52zV#[Iv,%}eb#Ok:-;,$7da!Nj/Q:,upq|kJ[Qi$,eYu}=wB+0H,HqC57O<OYN,P<8J|ziSx_,e=OVM]`Q{U,ODx_iYAqK(,GI5y>iv~[H,POBN`+7rB=,fO-dah>=g>,bV~T=Qu3l{,oRR~+%e`Hw,hQ61{_HFBB
Luxembourg,i2]v|D3@:j,#bE7Jwc/w$,!!D6Ivb.]#,w1FM?@j-tk,u[#kd&*}Yc,wO[~:de]T,GvL1T<pl)T,"byp9L/7/,y",oU<~4jjCyP,w@c5memCCS,E_he|O^6Oy,^+oKH:A=t,j{8I6i:uI^,p7SxKo&fM;,X[]sE;=s@
North Macedonia,r5C646H*+*,"-e&fdZ,!rH",",%%ecY+9=G",gPWIY|dqgC,QKm&4[Vr$t,B*Me@Zh_[S,H[sth&^jGj,"HL//^#,,5X",A&@FdL>j&h,nzv6%{z8e8,y0~OHJtwl7,gMjU[c/jTb,ujW*5ockuC,d=ke{fof`2,"p8Ur6P,8,}"
Malta,nIfRn<aY:N,)-R@Z+MRwd,(QQ?Y*LQ]c,hBl;b1akKo,l2LUY9/|t],"f=(W,pEE)M",Qz/GWg%Oi,pfZC2}Oawc,dnY]_1$e<W,eE8!1jmWPI,B<M:dLv@59,"E),yc4x=CE",JJuy8/I{.s,J#O._ZScv>,OVR8Yf<Hn)
Moldova,5S(f7%O-$,Y[F8gm=t5,X0E7(l<s4,kbJZsU]Tm~,Dh89q.%Zv<,mn{KoGN.?b,st{N3o<qmk,s!x^ui`nhG,u<w5s|M#Ds,K!n@~ay/du,QO/4vign#G,we_2BuB.Z+,Mmo}nYa$hl,Myg]C+c&C4,lO0wObq%O:
Monaco,m?}%V6s8]*,(BKm_Z41EH,&|Jl^Y30aG,x)ZvHsvNcz,C[hSE1x])},pL;e7uiX=l,"hs,ph6r@5",kYE~9)8V#3,JO{1$2yxOD,zclXW*ihxo,EW8MT$$Do=,e_V=(rYf$>,"Qo?*pf#bx,",G?J(2H%va@,g5I}R9jmCl
Montenegro,uRo^w#p5Be,:@0F841Y%7,/ZZE730XJ6,nlky<K>nXE,j~OT/nTkAt,D!-|+!*eBX,Gn220)gYMN,p#WecI-Q`c,l*S7j866t<,Nj!o5F[Y={,ypD(;&(hS},CwUYOu3jq^,Ez~4iO`BI!,PEs`5-*7$N,J:E?C=p8O;
Netherlands,"o=,%hU&yX%",*zsmTNnr{D,)`rlSMmq5C,B)M|?v5vl3,eX^dJ|[uA*,F-eGLxAZDt,ImiWQfE/Wg,ca6|9M[|.3,I}xtas*<<=,qMY9o*hf**,NLVBy|Obx/,vyG&%%IONy,IPxKm2F%q:,"vZosC,(|i5",gXe}y-|!*^
Norway,lq`T^ZBF2Y,&2H]FS%ybo,%yG[ER$x!n,DUa%sQ;0;@,t9&OjLNz]p,xaacSwZi[n,A`|*K1}2WV,K0`3{Z#>H&,HX#;I12-Gu,i1N+^dagz@,l.0D<A/ul3,v[n(vSU^>b,K.:=CjCm+6,oLrC[o>Ja;,Iox&|;dTWV
Poland,f>c7x2E]Q6,8AOg9V);?w,7{Nf8U(:Yv,IkP885[1L6,dn}H9%A|!j,PSEKL{AHnb,wz:QAN8%&+,QYr^22xCo3,O|!r8pZc_@,w:J$-ahRdF,h=:xts:/of,m5V-SM=<@2,cBteEeBrv@,KW@PCgn4^d,o860?{U!P?
Portugal,"q[S4`,F0D=",",D[dH$*T(Q",+~@cG#)SLP,h0~.:5}&Q8,K/#FG8!}DG,Hx}kMe>iu~,elHzZb0RD>,MjYBzKMsYj,c0X`Rdpvdg,p@{qCWlnXH,ImXm@Y!d=C,m*g7V&~U8!,z9oZHcCKE6,LIu0Jpt[SQ,P6uJ_GAwG&
Romania,"jCd]`-=k,:",$&PEH%zdsN,#KODG$yc>M,INr2(vFB[p,zU[B!jrpgl,uv?Z2p<%;s,EEpm1lUrG],iOD+[;vOc1,QO[lJt~Q]N,qb(2zU!2v_,J.Jb{*5W&x,o8gfBsL4(;,nsSu>A!qF^,B8.@ls$HTO,HS19wR2TJ{
Russia,vf)G?[_?Pf,;Rp+B:G.>8,:no*A/F-X7,Q=UkoGw%47,wOOaycR~z&,M%Zo)4Ex%5,fmanrW{ILh,i`?s5yONk<,u3u7Z|VQV`,nhJb958%1,BJ.AT#.[rO,DOhb!^w01(,"Nd05D{&,6r",Bety@6RI`M,sF=7^K-Xpq
San Marino,"j9:K,~DQ2v",$iw/s](Jb;,#*v.r[&I!:,HsOJP(RQoY,HbTQZU8t9?,MY>?+-m40S,drS3F@Hxm;,NIKs(pApAY,t%PfM!!RPu,DuTF$#n0`&,I}a6d8q1zJ,n4>@0j_wL[,I1nWmc<</<,q7>B#{/;(S,N5^^fmYEhO
Serbia,ui3>b-?a@m,:UcAN%B^C(,/qbzM$A]}&,J#u?@$XnR$,M7m8p!;nP0,KM9;RF<Oa9,vC~!WO}1Yx,"OQK^$9xbg,",A:WhEL~x!A,yC[`HZT>8~,f~6bdns@H],w;<U*s6{Q},HF&vW)dD9Y,kLhI3EPC)M,HU`]%dF5Op
Slovakia,qVi;t%/`F|,",_Ux56v>*0",+3Tw45u=NZ,iB7LW}8*Ii,p%wZ4zSjCt,jpd^m*aK7%,Cz:.t]Ga.k,u>]sc0f?(|,d&Z;v4SLqS,h^$-C4XKc},y;A9OXF@l!,l7l~M4fz$?,j7Y_>j~SL1,ds^tTE_]dX,z[&.Zoz9Wr
Slovenia,g-]bb&[.E!,9tENN7D&)A,8?DMM6C%Mz,vbEn[U)2cf,o|SPdBlcOk,"hRH,A7qwWn",pQlr/JYlFs,fQMbKoTu%<,H/1j+}vOwc,"sf|,28pc/9",I*+0vDfGN,FkNL`}5EmT,}r6Y-pS^`,z)=(lc>D]!,M&|@(/.of4
Spain,f21=-A~W;~,8bazttLPx2,7!~yssKO^1,n65[nUZiZc,neb-=f&6r^,k[^`V_WQ^I,Q-1OO^)n>C,P+Jx`aqYih,qv@;*gj=VH,F9/|i`ALwZ,e<)log]FU?,FiNf!6B`-A,oXmy@&NBhz,Q+px.mLe^.,h{>w_]xn^~
Sweden,sT5=H|@KU|,".]ez,@CD^0",-1dy+?BC2Z,K6g6$oK|jN,pnd}~gw/:?,"AhCfC]V,BF",erbhQg!RK],b.r+%C+uUG,IlH%F{np<[,p%]qRYCgpv,IFn#5Ov[_L,qrPt%qv-8!,N(rD|+f@[k,dDNJ@#L1iR,"rvh2X2C#t,"
Switzerland,lU@C3<C8Wk,&^C&c+&1`%,%2B%b*%04$,O}c<W!@%aZ,bMw[aotLc),JD*D+bih|F,gyBy@/*]JR,KRSC>TBXX(,s=)J}uTu.N,eyZ[vXX1Y&,IACy{$LG3;,z]?mo#)5hB,"K,%aYc]4gb","p>v4kdjJx,",69_`)@@Nj
Turkey,jDA-V?/hVj,$($t_.va_$,#L#s^-u~3#,g[tAvcrR3^,wPY8.I+[Xh,wM29>6E7w2,fn`TSL4H+K,Bo5dwc%z#M,GilXrl.A_%,sSCPjs@7rI,ilyPET<b|~,KRhqtz)r:,"C,T`nz1)sq",OUlTl+:*GN,cZjPi}s{>f
Ukraine,h_9=mkZXAH,!GizYd}Q$|,9chyXc|PI{,Ft$h3i.|l.,cJ%(LRs3)q,Lh8)I$R;q>,"w,s~/*1#Rg",C_6GTKD=fH,q*^h!N31k*,y[NG^n3YP9,jKHmpl~?LE,DM~V~L#m$+,oK+nX%5Azo,"e,SBM4?I@u",HrvW&[P0V6
Vatican City,mk1VltJl<],(Wa_Xm.eyV,&s~^Wl-d_U,y8u|!Om27i,MnfK7af3~4,c@Ms0SL)sn,E9ORP)qdh9,msv?k9JTsv,xc^[E/Z[$R,"u,;q[t6_@V",F6#Y+k7J/!,hoD/2dfvqx,"x,_A^{yR`-",GQ/vj@?u/X,Rgv*IZqSmF
Armenia,"c(,2{yXI#E",5osbIr{Bk_,"4:raHq`A,^","lo1wB^!`h,",>1ErI|!*U,G4t&;Hch6N,ERCyEa-V]o,s3s^.)4kHT,(;;{-bktU,lj6RZd*;o!,w5xWQO/x*-,KN=}b8)Yv%,m9:dQqYhJ-,d+@</tuGWq,rt5LkWRaLo
Cyprus,kkbYQXw5b;,%WN|?Q8YNO,$sM{>P7XjN,y`v(^%tvG3,w`{+uGys`~,iP!?$Z_Ki5,A1fj8m}V_0,e90l[|lH!I,"FOI,VR<;HS",DK#M)PH#C[,enKH)DNJHS,Lj2)uYLI!|,"sZQ[ZR,vG^",Q>X$_K%>.W,"K:KG8,Ch+~"
Kazakhstan,ia8as9sCY|,#MhM424v|0,!igL313u6Z,uO%6i;{0PZ,vxq=QA:/`z,p|~)@{)+S*,pwG/f8TA%+,"K[L!R^!9Z,",b2;iz|xg^@,ryXF~Goixn,OMmv.9i-m0,CQar?B#q*u,"rz:n2?FQ,S",eA>XgY>alM,uWMPk~=Q<>
Egypt,j%*8gN)q>d,$mqhSGpjA6,#.pgRFoi{5,Ddu%%IIGo*,"N(,;S#&N9e",JJzRb!:b#h,LN}*YP~{-L,sM=)Xv_Xa-,uVs:]g8l.&,Q-U(os@S&S,sv0@wkmk6L,PjuCASX!1!,HNwlMP3HsK,"L0|q,v?fBC","x6sS60yxJ,"
Algeria,bd~Ght5tLR,4PL+Tmem:h,3lK*SldlTg,rl:ZBh8sp^,DO-=AqS[Lk,z^#eqWYO-D,hb~_{qK>D=,v&-O]]=OEZ,FBWKraq$]`,fV^xZWq#U8,u]nUNO+ITf,k8}s|TkM`V,oG4Xq?fD~!,sJ9gIjH3hX,soL3XG}20w
Angola,onMKID2d;D,*Z;/-wb{x^,")v:.,va`^]",cHz7UCnS&i,"L1&JVH|{R,",m.mLjg-{lM,gCZT`M|9xu,sGn#POf<9-,F[Hq;*V/7K,w/S^-U}^gl,EC?WTwipgP,If){M~;KV>,"o=u5,~YY$n",O_?zkb_dc:,GrBHv<@H+7
Benin,"q8fF$4,c6_",",hR*lXs`fX",+)Q)kWr_&W,wAQL>iJ/-],b#r[:tRj+!,Qt7ILf!6y2,"ssdH.@,b*<",Pc50gy=WZl,[&[K^KiK8,d#EjdF.*f6,zdjM-aCLo_,"rNOpE,.$2?",e54Fy{u]u+,G{@B5UEL-p,G~F&>Mc><4
Botswana,upiX0g1quR,:1U{~~aj6h,/xT`}}~iCg,cM;m6U=Dg5,G4K|pWoffU,naB8r`cM^+,H16eX1]VWw,Mmj=@>?Sx{,mSow!CwtLI,PiHl6BLN4X,"J~N,woIJ(]",JX!F/O-N7&,e@[V/X}*-w,vPw=^$(CkP,c=InO0-mt?
Burkina Faso,n:7&>YT5A=,)wgnAR]Y$Q,(]fmzQ[XIP,FFMu>hPw;u,A|BG)32=10,xMDjNS>?hL,I!PNDUSvR|,q-&Hq~16&{,J.*@Nk4>0*,i6aNJwa%b_,QiSNJi)a#e,NSInc{q%IT,n-)8Zg=(tt,iUutTx[~f0,iGsrHmA9Bc
Cameroon,j2IQ=f=w3@,$b-?z}zpcT,"#!,>y|yo#S",I_Q-5hX|5;,C18`2)zTm(,DBo3+cT-[:,Nf8Q{=WT+v,e8|;;S>xQ.,B;S:<cu0^C,H^&r5vlQP5,K#d=_hIZKE,rv)qyS:)2O,hlD&(T)S+:,GD53>x$4(V,smO=&Woj34
Burundi,EWXNc<g5),x`ndOySe9,w4mckxRd8,[#-i4q4Hz,k[{=KKFtb8,v/ymm:8cf7,hEB<R*c15),A+}@K7X|kA,"B7hcD[}|,:",g%>:=;Tc=R,he7DbqD!Vr,CImjTUF6>q,QPSNV0`:;.,qk;QXbkIhf,P]1/E>TLrI
Cape Verde,gFOojQO(MH,9*=0VJ=8;|,8N<ZUI<7U{,z7[5xEgcrA,E8sr_C_vb[,vI7@NGK_Rr,b6L`KDbdIg,zumu&z#g.>,n$t4JTV.L[,w=(azb)1FN,ggxX5EDLu#,jxChKhrR_f,cq(y`}6&AT,KnNV-?kK(y,G0Zq}|J@Hf
São Tomé and Príncipe,gePC:Xt_nW,9Q>&wQ5=Zm,8m=%vP4<vl,Ay%EM@L0b~,x4(t9J8nNQ,"dt/qfm,mMR",jOH{z(39<b,sp;kVFWNG~,"we!,qZc~VX",GUDe$&2Ul),I*dt3/F8<o,"dH5->JA4?,",qN4y}IRxo9,HuK?9aC_zy,"j,M#?Q{BE<"
Central African Republic,vNiD6A.v#s,;<U(ftuok.,":VT&estn,-",bsVR4>6gl0,"p~,(pas|?P",I/zO]{Q@(q,hqBB(<N!^q,Bapr]RwJ#?,P.ls/JP5<},"KxV>K,YQ3`",o)}JIV-g[+,qOdNh:f:iF,d:Z2Wp!K#J,uD_r`#FV:D,pEjiMe.U`M
Chad,?n!)c/h=Q,.ZAGOvTzJ,-vzFkuSyI,QykP%i/vKj,e7w}$Wx7yb,InSmtkntKP,dozwSc3oL_,IuT|OM*Nw~,ljuf!A77m!,kX4<H^@qRr,uyF8S~#>aU,wONP|LX.Q_,GT#uVYm|2},A$}TdiS~(},l`9rE:$x+g
Equatorial Guinea,gYIoR`|AxW,9|-0@>Jt9m,"86,Z?=IsFl",bP:bhgKryC,bK<b=p-Thp,m-W32Cjt+v,xD;}}nO&|5,q>9E7+;4K.,m9{}Vj*h)B,ctod6{!$KH,FQ&H#h<as;,F%ZvaD~rn$,Dx=^!Ay8w),B%fQaJUVdo,p>4`R>@ts5
Kenya,j<egqG@)EL,$yQS2zC9)b,#_PR1yB8Ma,G@(d+tSaA^,G{5yk85S92,u?7-e.O&if,H^_J<Y5+Lq,BP[&G+`3;|,hB_EsBpVEy,M||-.i#[l),pG/$Z:(SDH,"Ii6-,6o%V$",A^lEbTX}T>,vzVMp)Xxzp,IP=Tu)=Ty{
Comoros,t`cagaWApo,/HOMS^`t1*,.dNLR]_sx),m$gS*RQqQ1,w9bE`pR=z#,bu.JnK@qu%,taEpjjAUDi,EjFv^:qmnZ,"k$T,&qpZ_E",y#6U?b$7aD,B;/=;Z5Hf>,f()}tKWy[u,v?frURyOpx,qsp+/:!:!W,vYyUUb4i>A
Ivory Coast,jN^Vc%9OQ5,$<F_O6iH?v,#VE^N5hGYu,O#$FD?t_j),or<mz7dcH6,L!)340&$>j,"CP<0cpy;,I",f($keyMpus,B`1@FnD9*.,ld@6qzuh4:,P0bZUc*l&,q}(1`DT.am,r2|aFq?Aaf,OTBx@>`j]`,k0&Sa)F$sm
Democratic Republic of the Congo,o3VS!KWb/@,*c_[jD`_vT,)#^@iC_^[S,o#s^(c`}.G,yRZn!>(_#b,IEVE(R=UT_,Q!DmMRZl:C,xLWoq0vCna,Nky*kq6)GC,e@O&4[m@W1,fv#=q%4>c3,A}7lD:u{wv,"lIU.{,At0:",cH~ahGG4r(,"Lksk&,VakO"
Djibouti,iR;U<J:CJJ,#@x^yCwv.~,!Zw]xBvuR},"w[%X~D#R,7",k+4CLKx35g,f;ryKmL?JH,e@]nUPgXPS,i%DV(Dbx=K,dJX+VxBemo,iFefV_U<5d,NiY34bn&]L,kcxHy^QjJ],Lz7%9A^(e2,iItzR<SULB,ik^Ky2]^bC
Guinea-Bissau,i^J8&$(1]|,#F.hn5oUE0,!b-gm4nTaZ,CY~?X/vp+j,q%;R^5+|lP,vg&(+g]]yT,JumHq-w(@9,Neqxx;S4OH,ugyWN%[pXR,phTnzN7*fo,xy4vZ[O~^),"EF`@1,WVBK",GpKt5mjHz`,cXBHyX>[V$,"nMZd2^,fLG"
Eritrea,pS>DrFhd%u,+[A(3yT{m:,*0z&2xS`./,Cu].QU#a&l,Q]0R7JuJ6g,G4?YxB/<HP,NgIL<U_<X{,GmH*JA[[k`,w5=:(t5%R6,Q{)8B-]wUq,d<t/4_a)-F,t9TR?}R~%(,FoGORw~;@y,r?X!/#D/zg,oC.ex]c%ci
Ethiopia,t|h3|;E4g{,/JTcJ*)XSZ,.fSbI)(WoY,hX`.aRn$&{,NSVN;H$s)m,q<##9ET8w4,g_banf#h(Q,s5?gh*QP;:,E[0uav)J05,s1i:%+hNpC,rs3JWjn9}q,sc15KG*9]<,J*g#}t=F:Z,"hx&VaN,H@e",qB3J]6{#j4
Gabon,p.yv>BQ470,+u!7Au?Xgq,*@96zt>W(p,IThTxqnu;|,P*4KZ6]?rf,Nz_#ah$j&d,A4mx0mYQ.6,eCQL}h5w8Y,FGu[yfPiJ7,Gj;ANGAUma,I(kYtUqNp0,rs2^LqZyrx,Ff`Q)s:oK:,LkXz{lFlv{,yA.vuGT<.b
The Gambia,f#4-L[mp5*,8kdt::YieH,"7,cs//Xh%G",lW;xJ;HJv/,M}OReg^Eem,IoHWaA78;3,F9=}W4o(m(,i$q|D&dUr3,nh!${YsPie,sktKlO<#lL,HJiVX@m]Bz,h+lSRRJ#D,vO82@=AYb4,QoEJ+5vO&k,E$0$>x=Zhj
Lesotho,oNpApS<AoJ,*<1$1Lyt0~,)V0#0Kxsw},c(A-(Xa1)x,pRN@`OrOhv,t(:iXC>cS>,"l_u,7Sl);4",tZgE~cq(oF,bkjWZ<Vg]U,y}L.*_s{2c,"s_J;P,J1M}",cU72xWKpLJ,"t@kS,bQx(p",kf.*}(<x?S,zW[KZnqFru
Liberia,"nsS59c`VL,",)4[ei`HO:J,(A@dh_GNTI,"hv3J+WS`/,",cIOEmhU5Nt,w~5sD@C~%!,sp#%Uu{jxI,qL:(ZnK[{b,KWY%fKd5dT,Efj[#`oxYU,mF&WTyq~08,k/1rlcg;a2,jia&RZ%+{],j4J&;WUU<H,iF.(4k=H+a
Madagascar,m{noqE29%I,(IZ02xb2m},&eYZ1wa1.|,y;mRF(PX>0,oK)C745Je~,p;&<%/w5b|,O>:Y)[/m@5,mB&*r_Fpq%,w3V@j|Foq~,su=H/7(%]k,PS+ir>Fe)M,F.<0drjn&],EmbtmCi$[&,Ji5yp3yF&;,EsG3PP1%gq
Malawi,sSW/?WMy17,.[`vBP;rax,-0_uAO:q9w,"q1DvZ4Qkh,",B5/<2!_D3h,jV+V-M0[9X,J@?!E/?|:y,q4wi1(V&xq,pD{#)wT+1u,y&&oj#+jmF,lQRywP{/`},N7}pnPa<Sb,hh/_8cG~di,o^DJ3m1o%H,pJ]znK~Q]?
Mali,d-q4J~CNW_,6t2d.]&G`X,5?1c-[%F4W,k{y?<`|#63,"n,VX3H7IE:",J>b>D;vQoW,"bt,AY},y$2",P=:bxc_JC&,f?dUt&>$PS,A?qpd&5PT&,p1BZV>/N^[,mcx~q)C#fp,En5vg+xV2M,"sg;fSvH,Qx",x6mgT;g-y(
Mauritania,"jKO,9y0M;#",$/=sir~FxB,#S<rhq}E^A,ny_8#ZQA/?,"P>,2#H.@>i",AnTl}_8m=/,"G:w,Y[(aW1",tUW+`.SQo9,p02Yuw`G)/,EIju~|9Wsy,fO%X.b8Du*,Bh#Ve`j#UW,QseIpMO;9u,e[tzT?l#H0,Pp{]{fO0V3
Mauritius,skOM(?n$GG,.W=;o.Z5+{,-s<:n-Y4O`,svVKQZTWFU,ELkg0G|C?W,kC{ALA>P%a,OB*1GftSKF,AX<o!y5NLm,hj]p(iMKl7,zph}.HR/d/,FnkCCScYEu,Max><fZO[P,Mu]P2-BY~V,o04NUTyQV$,zn;(Mg+s.+
Morocco,mi+kf0LTW.,(UrWRT:M`L,&qqVQS/L4K,"t,2AZ>_CA/",b[oi-M:re$,Fx4sZh>`:m,q?uiYsL{dZ,p$AAnTq6oJ,qjZDlzf]=l,JtIxz8?/O!,qb/Z!O.s;I,Q(VLcfD->n,oq+z3Invfu,K|jjS6T)93,qtG?nh5zIU
Mozambique,vgdj#X?8dB,;SPVkQB1P[,:oOUjPA0l@,"n,~jhT?[]W",qD4Ir3_WvI,AX#-0[v2j?,tRCc37FI3F,o0AQQ^2)G6,b^b:}HG<(/,uDFLbP[Qng,vKqtjIB/vI,c[b7Gzotv2,yW)Se2ZZ0+,C<4zOv=yp),Fi~Du[Cg`F
Namibia,mkgcU7[bA%,(WSO^0D_$D,&sRN]ZC^IC,]#3u-c%5X,AoE=M5R+:x,dr(`ZC<V%p,b5~CCSrPP.,t>J`KZclA6,p(q*slFP*F,I=PnRY[6IS,rdPt1Xc3/L,c^8$Lj5E?5,k`S4q(;Y;@,LSh#x>qNpX,k~VOx&I}t{
Niger,jcu!gLw/&r,$O6jSE8(n-,"#k5iRD7&/,",Qw(O&Fnkul,vlABC@3)lD,bND)UmT$s;,L@{q~To$1C,ds<d0w<UR-,j(X|k-_Sv|,wk!g#_2-WE,tUSX;Ir|#b,xIHB(EY-2e,EsgIVed0P),hf`]@|j!$I,F`QTam?)B[
Nigeria,sB7rZQsR<l,.%g3}J4Ky&,-Jf2|I3J_%,Hk9k3U@-DA,lalXr{5>N~,g[l><1FFUo,iT>Kc}4kE=,c1(m|]%(&c,P~zp{JVRjt,JWO]%|yV%9,Jc##S9tF8#,G!Ou%a@*3[,"K:>RJP,/*W",OFc;dE$QX?,cAvo_.bT#Y
Republic of the Congo,u|I}oElaH),":J-K0xX^,G","/f,JZwW]PF","LG(/,IHQi@",i$+!}pvHZ(,sH*CmlNZ<I,L_#MCSsliG,N-%-M=n!dh,lNTL4T}K1),vmRU)X?30m,DBaFxxcqE1,K^{=PMLj&`,uQ-90}yhTf,jS!kn/5S}x,i!E{?dzJj_
Rwanda,"j)i)pB*HJ,",$pUp1uqA.J,#;To0tpzRI,xwNS`|r~1x,l[H_#9Xj.5,Kx0E[9ibDy,M_^<HEN]5=,n8ieJA{+lP,"OlYF5,:|Q3",lBV|L_Y=Rb,OQ1fL&%bu.,"ePKaTy,DGR",P0$X6wa6aL,oi:nl?uhDf,E&c?sL:0${
Senegal,t-0>F]bu>P,/t~A*;NnAf,.?}z):Mm{e,"qJP9,I/X;?",x1I5QDSZdm,P*^/<)(KjW,uoblR~tJv{,F&@Rc;dl]z,y=oLcr9$cQ,w|**t4}*5:,n0?y%]P19<,Enj/0}MeE0,KuoySbahQ-,L^_?P(1YL[,dDaj)OD&@~
Seychelles,hrI_uiW>E],!3-G6b`-)V,"9z,F5a_,MU","H38F4o,>An",p]3f+<QuK[,o-iAF(Oe;d,A#PXVu3{OG,Q+z>Go{V83,L3Z}n~/Szn,e;|GubFA|k,C8f6MF_v~q,iwf|+Y-DMZ,MafF-rLgDx,dT$I;zW!R9,y$a<]#=[kh
Sierra Leone,uc61ToT%gt,:Ofa]h]6S/,/ke~[g[5o.,xc)G{&Ta22,"z,yR__YX6x",oBc!CE4|t8,"J/Z,LIAPP>",J[n$C~*-<~,t&Ov:{KJHy,"L>wqh,KqZ.",fi3!(|*ko:,"x@%548M,.>",F6sBZi)?W-,r<Y/[X(3N,"jxv@,7idOy"
South Africa,"e.t$Vi5,>f",7u5l_be$A8,6@4k^ad#{7,DS~l]pq.y<,"i3+,TcHF,N",BA4?dToa9],"pcq,]2w8O[",.9`Zb?|4],eqi30~lJCU,c#3w!!.a^C,CpvA2cf_vf,wXGUH~)Ql(,Is7;|To~I0,KC^nKc-2%j,m/#`_nWJ8r
Sudan,k/u1:B%DJH,%v6awumw.|,$[5~vtlvR{,uNyx=*R.$~,G$NEO(W.(v,tcsX~cQjI2,CAUBpe+}Rh,"sFwd3<b,Q*",yJ+?5Bb~=:,"db,aa$e4w1",Dm&Q1+grS7,EvKZ+P|nmE,Kk%+6g2I$N,.nc9{|Rx|,"L,t09Ht&6I"
Eswatini,e5P*D#I{m{,7e>q(4-?YZ,"6%=p&3,>uY",E2g&j~V_+i,ml7O4E=o<>,Qe#D4C[<+m,pMLZoOPY5w,j!9GChs@cQ,p;W>c.=a5.,fXz}(XSfFj,"OKGkn:78,$",lR/BZ##`|O,44Z:NG|/2,h(R&U@*wb},y/GSUYA4Uz
Tanzania,p:SPZ:e/*[,+w[>})Q(qU,*]@=|(P&<T,umTKoLZSfc,dryK>>pO;},C]<t^C)#CC,K9nrzyH&<X,B{FDr5`ABh,Op1]SnugtV,"b,`C.1o0K]",x.-f`#aRav,H]k$=x-e-{,sif]k_+X`R,KTW_5-~ZIq,P]Er5fA%dB
Togo,"t+v9b--,qs",/r7iN%t$2.,.=6hM$s#y-,hZ-27c=iA5,"s^sd#Qsi,{",O1bKEd;`i],mBU4P!~(nj,cXB4#4>X;-,z8UXM/Z23%,e<+G+n.W89,"lzJ?#,5I62",tH(e$64`Pn,rdZoPyFbhM,hmxY9o(ijc,BXXqj;W#6T
Tunisia,fV`&p81%d(,8_Hn11a6PF,73Gm00~5lE,H(5ar5kY/Y,h<BBS_PmX6,Fx%kVt2%kj,JqECz@.%4i,b&EqNhY[/p,N&=0FE?0K3,"i,9aCetA#N",cxf-&1_fEY,F9Gg3P7TV7,Ipwb%/>_NH,bLz53PbV0b,oaC6@Yele]
Uganda,"gsS{jR,]|Q",94[IVKs;Jg,8A@HUJr:ff,"oi2j6zc,T]",p-Q-4>W#GK,v8pkKiW5;U,QU|9z>>-i<,G;pW`r5kYU,DnUNQy>V@c,hK{#z+aR76,zB7<_/(/Gl,EGG=`g;_2a,erWr`a8I.,pU3#tTpq!l,I5Xpi}2t{j
Sahrawi Arab Democratic Republic,cAlyc~G.y%,5$X!O]+&!D,4IW9N[*%GC,bDx}p^DSVL,kQssZ~b%|u,MfwiBI+|=9,dQpb|V+vI#,QcXm!E@Yw1,p){pPjR5:$,"j,S/:GbM;^",lVC}2]rXGx,"vm0Z5,/o[~",cgFhukF/h-,lMSAB/cOm*,fuUqIYrwq`
Zambia,"fxAN),FAc$",89$<p$*tOC,7F#;o#)skB,hN=Lly0+D{,vwR_K?gn6&,zWj%QH!y<q,"Et,iKxkLUP",Ef]sAhH-1=,QyZ%*OdzFY,hD@WEVZn_<,6eR<uF2W.,Wu<%L~@!R,k<2o{CZc@I,cBH?yB-k-M,"OsLM>,b7vo"
Zimbabwe,r<N4LAAnnB,-y<d:t$gZ[,",_;c/s#fv@",w#;7*w+/l+,yV;KtlAuQ?,E]~7Dc-XV@,e5i.x%JIir,E;nd7c[w(:,Q5Si^%B~:x,PE#<DzLTO8,em<BWY.$P#,"g,*f4nGfpK",r!){rfKX7/,k&>=:XNFmp,m4eGN1(wE`
Canary Islands,e?Xq9gy=@[,"7B{2i~!,CU",6|`1h}9+}T,wt?Q|)Y7F1,J$+%7z?.y*,iV*VDI/knn,I6q=nh1_(R,d.;lCBC_WK,F+l?rc6nr?,hPMh5n}qbU,#ZC:tg{+N,J;X]xFlH$%,t?u3Slh%^!,KA}n?y(.t6,F~:j+MUt`b
Afghanistan,"m5j,b/y<EE",(eVsN(!+)_,&%UrM&9*M^,i_cTqW/(1E,m=n=4WFqE3,K+Rf&9RCYP,L++V2zV3fB,Kg*_Uu;=~F,ubj(k(`p0:,GvA01=D7>z,iG^3Wlll7q,"z!cEI$X$z,",fC^LHa3mwR,go#a^FVc{$,P_~u:5HCM_
Bahrain,stRa/S(0$F,.5@MvLoTl`,-B?LuKnS-_,q@wPIm/;#),fFI@z-#q(E,wC(@I#Qj=_,w<=bLWa9^e,D/^OcViV>B,KHEo&Oa7_F,gm+.@W/3UE,Lr{~p.Jk<_,LiEC8Ub3M8,oxfHi!m1}~,JHZDiQMPfb,Fh61;335zk
Bangladesh,l+>Ki!j#v+,&rA/U3V47I,%=z.T2U3DH,DN*^.Q~HcI,fLs!R5^k7e,C%r3!}*o9-,gWiiNVbwTm,dm/G5**HY~,sj6y@z=dRP,Q9>YoEa|XH,nq~gisgjC/,sAcpxOzKv[,mmXJoK#R`6,"rox57e9L,5",IvS7NktDMU
Bhutan,kQ:NIhJy~E,%?w<-a.rL_,"$Yv;,~-qh^",x2E6#%E!/p,I%N^RyEm:/,d}n!kX+/ph,KR0|YigF}Y,j/kD7I4;Hg,"vl*,GQz^vQ",I^7LI/]z58,wcgBd0eEy2,"Gu^T-,V0xb",uQQ~q`h$RB,"ICOm,PnZ)=",L`]7]>Yhx5
Brunei,sY>@9w~i^p,.|ACipLbF+,-6zBhoKab*,r{g3sXk]Cm,ILj+.~~7_X,iR6^@_]dvR,N>!/r-|iKh,E/MT}kv2tI,H_pUK6Xu]`,f*5blT|2d0,o1*G=hagzj,O.Q96?A)d<,r}O8m^>5CD,L_j4?3vmv+,Ecs;]/<;`%
China,mJH4kwPF.-,"(.,dWp>yuK",&R+cVo=x@J,Jcx)35]`H],ci5EzZT?lp,Did1{bE2yj,LBA=S$7TwR,q37^cz*P9W,8CAB|Q`3c,IJ3K*pLd9J,E))m1]S%~$,x&b*o/}?f+,x[G9N)te33,"LTE,@FQN{_",h=p:u@GpO(
Cambodia,bW)ch:vs1P,4`pOT)7laf,34oNS(6k9e,bp+p&^O&Nz,tt:.S?c/]j,k5Zby(Llz+,vAR>ZSEGi/,ioJ7(frmya,"hWSXAL,1[1",O0hlf9Z-!z,A`PssUt3QJ,Gp[PE61fhV,Co~E}Ba[HY,eh/(zbeQ:-,Ql49tXZ51x
Indonesia,sx|l+io`B@,.9JXrb0>%T,-FIWqaZ=JS,HPt<x)x%Jh,L&YSIviD+L,z.;^Kjw?w-,i>!/t@^}^?,d8zQ]l>xmo,p?*+RZ<OgX,d*Y)3qd@/C,FTq&ip7kv.,AZ}#k|<N|v,"KY(zL,O_hQ",x<ri&ECuj+,D]4yXjvC:9
India,q2#Yv[O0:|,",bk|7:=Tw0",+!j{6/<S]Z,p`7>hfkNfW,Kx5=:O[u*^,uq)KM}CVsF,oQe#*&QQB,eswlz&5_-],tJ&;D}C]UV,JIBC<y/Yvk,m(Ep%@|]8b,s7Ivo{cHUY,PV>94O`ec&,dx;<q0NJV0,6uQ8zE+bN
Hong Kong,lpbD0St&OU,&1N(~L57=k,%xM&}K46Wj,C^p96b?pgu,f[U(U6e5OW,l_bSqy)=W%,e[XV}qzx6q,L&Wh0Oh!9*,cBQpjb$FFF,kujN}`[*;M,J2t9?+nltz,e~PdHQDvCH,hIf|x:]pT],dd8@*P;!_=,bMJPn[H<G#
Iran,mbz=7n[0v9,(N#zggDT7z,&j!yffCSDy,g^hxtS_)Ja,"I[^T<Hq,U}",P{?pBbVc*#,"qn,8N+7Z^{",M75UjrE!_q,GV|.:pW~=#,O:=Be<m;jh,hYK]n.7Ek+,"c&t,@V?gkS",Rerf+m#5{2,l9wW=#1zk%,N>g%WMX2DQ
Israel,ijP>aJBT!9,#V>AMC%Mjz,!r=zLB$L+y,N@X:<s:Osr,dV#R#|}uZH,Hb~5J(.Fg~,cdC>T>VY4t,vNlrE-EWLf,LH]h^.GA_i,"tf~~,M|yc&",vlG>hjq6pi,Po[p>b@7Jo,nsttHvgDm>,ySS-%<:X@%,"OUD.,!OrcL"
Iraq,jI9P-f6r3M,$-i>t}fkcc,#Qh=s|ej#b,Kc0|/i[KY@,"B,]AC/PAz1",DE`CrM74%0,"F,ZHHr/u@K",c(O@!xlX|c,z}n.If4:?),vP%fqrhm.3,q1b&%9aiTy,l>/)Hug!mW,"Ho0:llLz?,",A}ER~W:Cla,s=~NbDpTw@
South Korea,h?a*UKfT_M,!BMq^DRMGc,9|Lp]CQLcb,m`:zwx?UCO,BqW}>:ZSdW,Hfw[5^1FXT,in7S|U&pW],rIn3klxCO3,uU![?ri)d_,j?GNhOWK$8,JHYQ@rcDWA,s#8JOS3OzS,v4}AH&TlZ^,fx]Qj`$n!<,v3Q(-Lz6-w
North Korea,r6BV%|..*5,-f%_m@u&qv,",&$^l?t%<u",kfOOt3pPdZ,J4zOBxF6Lw,Cob1W^QJ3F,dm&o}^E:Y%,hs$=I;b%H{,Qmb.+7huoY,Q%iy;<@JH&,N/%+2}mGrG,L+?uN^YOS5,"k,(otxIVcI",k`%nD6rx<s,L1IzhZKx8M
Jordan,i)]+09JUR&,#pEr~2.N@E,!;Dq}1-MZD,G]3ZD2G$ww,oM$V=]IFjW,tOc]hT~n}*,g?oII<6[ZM,rBXL[4*?g5,c#-~c^hZ8~,m~e0bQg80^,MQ8`{2J;$l,t0PNjEDy~7,D4kW+fbRGj,b)e}zebx0y,QtP;fVY}?{
Japan,l}[BG9.nQS,&KD%+2ug?i,%gC$*1tfYh,rHNPZJUEFp,bw=b(wfRVC,Gg8=;ywiMF,nDcU{JcnF/,m$4os@Y#(Y,if5[hu6l7g,"yeX,UZ1JrP",ef;S:?]ma.,O$abbk6n:u,J%GuZhh@Sj,nt{?s*~;(+,ct$F+%LWn9
Lebanon,mtd;>7T|g>,(5PxA0]@SR,&BOwzZ[?oQ,"f;],oZor+L",ya?+!BD<rP,bhv8b|]kY9,eTUA#N*+_%,l::->dQxMA,eDx9dZ&k(k,k$9ns[=Fo{,puuJ#xat%v,Q<u0hiTYxM,A$@0/RKWZt,QUFXkU|R}l,qzrPU{F1.#
Laos,iW>m(L/~c=,#`AYoEv]OQ,!4zXnDu[kP,CW+/?p:?BO,jKTnJ!T6lc,juCeYT&eX9,uB1!(|)h6G,l57t^$S&*u,c=F0q+d|m#,Qm#z-X2)Eh,dD4#OU[O?X,xcDnaIk^fK,CK)-k5{^o/,KDTitL&0A8,y!zI/vjcP(
Kyrgyzstan,pkj3RPBUrF,+WVc@I%N3`,*sUb?H$Mz_,FHqW?gqMKx,Cw^_3<[mGM,bTd6E)qj]$,oM2[$i]Jg{,Oy&*?<z%kE,o%$r]1QH{t,s@13Ith.ZH,Mok0Gx<2zA,gK5X3$8iIZ,hZJjw>^KS1,rQN0=^O+GS,Iap>xuM=!p
Kuwait,euW0jm=wfR,76`~VfzpRh,6C_}Ueyong,HQ$_4*oGf3,H9A(m7f1)9,Pmp+_CoZ`T,CeFx+%T#{9,g:S=I8r:O>,F5Fbm]10e3,h+>APLLb!{,Ks:+^W@?f;,A-#|rzmH_H,noP8iDid~*,BB/C2B[$C5,vE8R)ABG0b
Myanmar,l*j*EE:!Y?,&qVq)xw3|S,%<Up(wv26R,"pcYb[d%n,O",n%Pw}}<GAT,dET^[R~4O3,y-F:kD#HUc,s$RMwIQGZb,EKcj[W^+w],ndPX6tuc3[,sy5.)yzP@:,AYV6[yDkzd,M-%VM;?t+0,E#Q1{m2H6g,o1s-Ke1!}|
Mongolia,d3c`&/1Y^D,6cOHn(aRF^,5#NGm&~Qb],g8.ti_%`5,Rb7MD6j!0|,wOmUda6!>t,"w`Lo,-amU6",Q+8JVQabLR,y!.rR1N]Q%,I{3qN!QnX},rY(r:vfR-a,oM_cUhpXs+,GMVFQ3%=_`,fIkBdQ_9rz,gHj]IWX<H9
Maldives,hXNTVF<:SH,!{<]_yy)[|,95;[^xx(0{,hE&?:>xB0v,fxvMT{|_3M,y*>>K_Rv{P,"pR,WF6cJZz","QL%7i$x/c,",FO/D@z0E%#,Dc^-[NKeM9,H@*7Gwq;c+,xpoQrE<E&q,DwiS>P`d`K,mFunHjqPtu,mf=T5@S@B$
Malaysia,"mk20`,N=`=","(Wb~H$<,HQ",&sa}G#;+dP,MV[vr/8+{>,Re+G*@uJCl,Byv;->|tVn,Fvsev/q[3n,Evr|0ju(D2,g^MDw[q&`K,J]]?!DDjUQ,C.RX9_R6ZI,uG9NEoHA_;,2]!$k739K,K<?kaQ{yY!,Fohes67)Oz
Oman,eALZe^HCHq,"7$:}Q<,v,,",6I/|P;+uP+,HrZ~>9NjBH,vy^=B$6h^Y,MQbYhy*8W1,OGgJtMdwEP,F@t-f&]i?`,D^z&W{[{ng,EjR]<Vp9Z{,rE?G|4)INH,vjf^W|(*8<,"uf:+,ayBHx",me^]a_a06D,i0*D()Aj3q
Nepal,l3Ly8PBxt(,&c:!hI%q5F,%#/9gH$pBE,A_Vjy~^@?},m<$SD/W~so,j^9KkW@1V^,FeM1Z:8]S-,rqH=>+|p}D,n$0d;K4M?l,d2v?T?w[3T,Kz0j{/>Yf;,f8O7+6f;RR,fc5RwyMAlq,wJqs(`?jY+,v%__gCc&;=
Palestine,g<[f89~U)A,9yDRh2LNp@,8_CQg1KM;?,DDzO/+_}ww,Q7W^uZrI_<,HxK!=[v%7I,H4;V}Gjc$p,E-hC9K}m$~,eRztGZ?5gt,Db5g|/x_nA,ch(]T))VSv,l+c!U^Cm[3,"Gjm,Z+1Xq<",GzIN2wS!UM,G:Du!hF%=;
Pakistan,iIS#Nw]tr],#-[k<pEm3V,!Q@j;oDlzU,x7GO_2-WY$,l.HYqQ_/Rf,j}.YHgP+1),hL96AeDkLm,epu:F7KRn!,"mmXmH,@{!K",i]HndhS#jS,Pvc}L-U<4u,extWrMavp*,P3zYwkzeeI,x?#<3<UZ&),dHQ3bH/E/s
Qatar,"m{oM,jr>C#",(I0;sc3-&B,"&eZ:rb2,KA",i3#3D+l`w$,zJ%%Hz#s9&,h~hx$TrJ9L,d;7/rK:;@r,N<D}v:QnwJ,rVhH@X0hOr,Kry$&wZmW`,e%9U7YA-t6,eA`%lT9XaC,psgj>Xdg^g,H84|~MXE6},N-VDo?Rx@P
Saudi Arabia,ln^3p)j3b.,&ZFc19VWNL,%vEb08UVjK,f0b;Rq1k!_,MWm=94b?vO,N/[L&}q{Ro,wt1^C^RyMj,jmR])+zhJo,dYQH;whZ9c,ggAWcodmSr,mL<v:xKEig,rNkWo7rM8m,jep&x:fY|y,"Ans1,w*,cq",iHP*J2S&7_
Singapore,cL?8!xP#Wj,5:Bhjq>4`$,4TAgip=34#,twkWz3eS+-,m>7j+&89xI,s|EEBYpJ*s,K{N|AkKxc*,"qS%*AW?D,f",ya#p*nPn}U,Nfur#3pX!%,"e,f<m<wis!",MPN<8x{bf#,i^0~4vv^)z,"z1POD,VID}",rPc:I:)OP!
Syria,e=.VHQ9E+M,"7zu_,Jixrc",6`t^+Ihw=b,j8XG#DTPjL,Ng%@)K)[c{,cm97y|}K9@,H)jJ?RQ{`4,QPl3$nhmkb,i?;Nx?in:X,k<mp?aNi<n,"I,u%z><H=-",fHcRX=MgL6,vX`[1qzP&Z,}%Xv>mB6@,G?Jg52ozOa
Taiwan,m[96fa+HDS,(DifR^rA(i,&~heQ]qzLh,AmEQ/?7Q#x,dctSh&<iaU,"uwH,{ZS,Hs",|a&v3R&*G,zE7(j<-d3N,hqHjJQR@ve,ly9aPK_@5B,t0?{g(Em(;,sEq1@q]mMW,"e7gfz,6oR1",w9v_2Rz>O|,HZm9QxS8t9
Sri Lanka,g9v~y/;=z(,"9i7L!(x,#F",8*6K9&w+HE,Iq@M;2CIzf,iYAK36Cua{,t/Q9G`l<(*,p*/Yx`XElV,p?N:RJ`9Qb,caoMw/l6Qq,o{L!(ulPuC,x3%Ov1S$V3,z]rT_bEg+8,gv%|cnW_iW,gj:]O6VKC/,"yyX`4Po,+5"
Tajikistan,g~%pF`(x{u,9Lm1*>oqI:,8hl0)=npe/,uhYJm4N/!$,PQ6$bI??y6,"v0.(wt0=5,",yJuwsoHp0*,m@%Rs{o2LO,qvU`=w(275,hl9LK`>En1,DPy/er4r|9,x)P#4EEu03,OIc;jg+Y}!,Ou<^C1eL+h,A345X<!g+c
Thailand,"hE5j*e,Q?[",!)eVq|sJBU,9MdUp{rI|T,oCa[}6b]{J,Bq5H0+i]XW,lJGFm$U&>?,r[B4}qKEKl,O|]ivh~%v{,oVtF.y]H)M,Hdh?z^QMqR,k_crZ6<6H@,bUSqk+D|{;,Me4;.M^B3E,k^{fiJOiQK,luR#M^0uhv
Timor-Leste,fRSM{K+;[w,8@[;IDr*D<,7Z@:HCq)~;,ymuYBM5)ux,z7wQ8s_Si[,uWjhG1h]m,de.tDgRhFi,bq]dHo&Tn~,x2Ho#9JF2&,c_|S!EHTyr,bd/jbWJUgZ,BFtu|[LXC[,rp9WMFvoC`,"H2<va.N%,3",mn3Fwwz5Ll
United Arab Emirates,o~}KVA:VbI,*LK/_twON},)hJ.^svNj|,u9/j`LQwrv,qqJpIWfqFB,BAz%}9{UE,"AFNn,$>?6v","J)9J,MA_jm",njbrSU^agd,p.bqdPDaHE,o#V]PfbsJg,sA4?<]nph#,ojB*fV3Uwu,Q^*!}l47T,C.u~aYFs^y
Turkmenistan,u-`cspdp)D,:tHO4iPip^,/?GN3hOh;],"B|v&Z,u=T",Ce096-Qwie,hM~h4Ec9ZW,QF&bT0`se),Iva{=NlZof,uRPZ]lF~NL,c!=R$K79Ci,le]C{9L5gP,qiTMK38ei(,p1af0p0S!X,v=u[(x[ir-,pA0=t$_>hR
Yemen,"e42BpV,P}C",7db%1OsIK],6$a$0NrHg[,bTrCSD^W4m,D+L%7xa1|K,"x(aw,hH&Y[",w_RRz<D>=p,MXc[U*Dc|y,o@l9/@&CEQ,"jJMevp,*!q",OGFso_;Eyd,g;e5dQC_N=,"vVp3u$}6,}",KiGYV{Y2Rj,d[f%5t;UH5
Vietnam,pD<Pd$Ag@J,+(y>P5$~C~,*Lx=O4#}}},xQK`2V6wDX,Dn/EH3[r{9,zybU=+SV=e,rE0yeh1k~6,xCFE#ual.E,I4?0i2<YxI,Fd74/NPKj,"pSy1%pd,s.",En@+nX9)G`,c?eSE=RC-P,jt.KEIvBJ7,H8]_(k9lAh
Uzbekistan,mbGXc0y3Pe,(N+{OT!W>7,&j*`NS9VX6,r7L@;3f5Y^,g?)zvSS|6#,jD9{n{|+PU,ndb6k{nIX-,O.[B3&pjNc,JA;WxR7VVZ,ly*3s`V(Xf,yS9O[rTg*H,Jl+~MwbBm-,P~}EpvmH<<,ExARs/N{}X,gPsO~r`%m+
Fiji,gB|K:+r?1V,9%J/w#3.al,8JI.v!2-9k,"vy}j#{dVU,",mh=!E~}0-Q,s|eW&jr[=w,gVIrkH[g_z,w_*e?Ms1]_,ncoVNK:5c/,EsE.-qmRj,LlY7-hD-Z=,D88*#1:8B],IhM_;-(g;*,Jkhf<rt#c[,"m!,_BMop/#"
Papua New Guinea,lhWI;$JC9(,&T`-x5.viF,"%p_,w4-u*E",M4#3n[]D/T,BGwA6-2[o8,CQy8.z2s`v,tLN$~<D&LN,kQ8x(01<},B*Q><ygyqQ,t|nO-D<u)D,"Fa5dp}mEt,",I|[UZ!jURX,lVWE]]PWo#,kr~RoN}rC.,i9)]R~;%yZ
Australia,k0{O[6l]bH,%~I=DZX;N|,$8H<CYW:j{,p(t;=_z4`=,xL^i{$Dd?},"LYe,4PfG4a",M$Ym*hq(lZ,Owoj&4yEcQ,Pc}I71FH$K,KsSd*uaf=t,O--6u|WoWh,Mf#0M*Y}7m,u(p9/S}e{:,ooH#i2V^L_,G?.zu_GD}*
Solomon Islands,"r>g<|,FWi%",-ASyJ$*PUD,",{RxI#)OqC",Gh36nI3h)B,O86#Kfnj]4,Rh_*(xz;/],iqg6(sCS87,A7d`$VleNv,Ko1^yAR.yn,BvP+F:QCTH,"pW1W#4,|[C",qK|#LatRJ9,N2MVXSvID:,ra9YU$GwJi,d$r4uW9udC
Argentina,n&>e`2FO/S,)nAQHV*Hvi,(/zPGU)G[h,A%emXRt~a],svzWf$x!8;,jDvPRSN7UT,E_Y_gka<wh,sUW(K@)rpu,l{J_M.Vp>X,B[J}Z4r84@,lvc.@k4vE},cH>zn$fA;c,"P!Q,2o]Xv`",s$MWIX]7N%,"qAd]|6O,7Z"
Bolivia,khB~(m^@Z5,%T%LofF/}v,$p$KneE.7u,s9?zpnq?/g,"M,j]%f~qLY",hnq?l@KUUT,xBZF?3m:=u,K1#2~5/6~Z,LCs2:t<[-X,AofLiY]`Ti,fV:l&20`ma,wU:M^w|w7E,P?.F8Nyf*>,FQ6}Cm%3$7,p/zP}McYF(
Brazil,spKoFRM4if,.1/0*K;XU8,-x.Z)J:Wq7,Osy[q7a%UV,QyNb5MKVnQ,sLc+1O/t|!,yR{s}{|vzP,L#b;#eu1UR,c@58oWbN3U,B`AJ:-Smw.,FlA8Y*/98r,d>1>F1Glt/,s+!2n<<c!x,qs*eI8U&Zf,w6BvfhT&-R
Chile,q8][)Ri}=q,",hEDpKU[z,",+)DCoJT@`+,iyxxWaZ8Wb,hqnhi=ysa:,m|F4][J.!m,bD5Cj?{})5,BHe5zlq%zC,N@bHVDe+Kb,E)^;rOW-vz,ynaq{(em+.,Gk(tda>R/G,lASVnaclh*,NTB5H|62y_,so#V7SThWD
Colombia,hoHandbYAy,"!0,MZ{NR$>",9w+LY`MQI=,fRSFWQK>W(,B4sHDjU:Pl,L>tNacmJP#,cD]Q9Pd0ZO,Ca[)+1M+q?,heo$u3%xYs,jdd5B*m>02,g)<eLu(M*L,P6=K?w(-]6,gFErY.d_};,M;TS86pSVW,DE8jGf4.p_
Ecuador,lmRujD!(A7,&Y@6Vwj8$x,%u?5Uvi7Iw,"lcC48!,,{,",GDX20ZK?Xx,wX.mVG|9{n,F289Jx}!aE,CTD4|lJ}]5,Q8=#jf;Izu,B/@.]cvXSU,n8;_*m0:KE,iVnn1=xi{4,if)E_=5+C?,u?j/CRK`]Y,i6&@<hx*56
Guyana,q:XyGf#>Wg,",w{!+}k-`9","+]`9*|j,48",ja9thWdG~?,"do3`,9Ol!H",c#$?0jnW0K,J(!?!{vv{7,"oA1,v5>^){",O>(c0%czoO,Lrgy`zP-}Q,IAa]E=O/{E,Jo|8kWbNKx,"yhZg46q,-C",PO6ZA^*;M],xW`%t:aC:q
Paraguay,s#:aIK$9^x,.kwM-Dl2F=,"-,vL,Ck1b<",Cdm[YJ2i`t,Gs*[8}bP33,g-3%G(QyEf,Ci{2x]j^h=,A$m)oTJ1BW,m%N$gpC+n],"L+`m,K,TjN",kK]za]p+{7,QsVUPdid;>,vnS!8Q]FlM,oI!OKr8<!(,w&6Ru51L#A
Peru,jBd@A?>g|},$%PC$.A~J1,#JOB#-z}f0,BxD0*Nx8HN,cnUAu<NuSS,za4sz~iaR*,I`2u4=)$rI,jxR[;SimkU,rJG$qf|FO4,rt/cNV?%Os,spE8=x-*=s,yHyzT~7ggt,e_c+~H}Uz@,e9~liiy5)l,"M~CY8#w%,9"
Suriname,koI(}OyJ:@,%0-oKH!CwT,"$w,nJG9B]S",mK?UY]$UVp,"zH)c,C{V#j",A}fIE>Pq[I,n+6|^+yndU,lR`ZpmCTOP,DOTLV^*F{H,L`GYI/ekhp,xG.@W37lc.,"Ki45,Z@5|!",jktcLTC(E;,R2-j`41bE,v(zX&lYI;&
Uruguay,e?gIaPc$Ox,7BS-MIO5==,"6|R,LHN4W<",e-#MW&-!m7,yC]*G[N>gv,FqClN*Uskm,A^v{U|AR{a,p/fH$J091^,fk0sh|Ih~P,pb(wj%}GZv,lY0;0oAPW$,py%T/O~:>D,Eqdy%S1D)o,f+0nvKD]uC,NNvWQ9?3LM
Venezuela,o#&RMA_REo,*kn@;tGK)*,"),m?:sFJM)",O_HGdfn7R7,u!WO.fcw8<,vqczM!*!WR,p7}c5wf.O#,OwHb{Mz|$h,"w7J5,@!ZO`",px9xQ@Ka`i,M2da>YCqC,F3gul9%#`o,B8M2AVg!-$,D>w1.>g$w],CdRpWlc#]i
Cook Islands,s4E?ZF[E<>,.d)B}yDxyR,-$(A|xCw_Q,rnHajUXn]|,b|Gr(/*-kx,dL;ASbD>B},!lbQb6Q:w,h<Q}<=6jye,Q@3rl@WPXz,M@Uja@7DwC,pT%UNItd:G,q^.I~1sjd/,G-yD_gaG`b,I///E!tK}`,"LJ7~]dZ,pS"
Federated States of Micronesia,k1]FH+s8j@,"%aE*,#41VT",$9D)+!30rS,ns:xfr`B.`,k4o56u=}jw,B>y*UU741f,"jH,I*;o6vh",r@_hV$i3&g,A`?%3b$nUX,tI[-w:S[nz,k}!h>.GGM},zYu.6VjeUn,nD4?vsWvX8,Q=Ng#q?dN`,kdIst1pWxd
Guam,dWA49p}F{k,6`$diiKyI%,54#chhJxe$,JXC>bWd>&Z,sk!p1OhX-1,b<l<9Sv>;o,G2WhVSEk&4,vRx60WZhA6,O%#xYWz^#M,c+r?+))vw9,oF[H>r%3yR,mLzNfCesY[,Jcw/VM6mWA,Doqtd|&vp5,CdND;!8x4h
Vanuatu,K*b}<I3(~,Dq41y-co],"C<30_,bn[",BNN4wvUA&P,ipKjLUOh4Q,MfdunrN!.(,y&XDZ^<U3_,Q_m!=Xe)uk,fwm<gn03ey,EUa!tJ$q~<,ig~8yp}-Wr,gl*TPBMp2X,h(U2gdiyO|,p0Ivc77ilW,fTd{?S&hh>
Canada,e?h=Xhs+K&,7BTz{a4#/E,6|Sy`~3!SD,sOd2&00m?K,P}MIWKA{Xz,C@Qb!4TM+Y,dMQkP!;0c=,vp8J2mcIv`,HzN{~)3NGK,i52amy!D0$,GTYpE^P`iW,AW_@tSbsx2,eNl$;40F5>,hh^x7B;l`6,Cbnk%|.aFJ
United States of America,b@M[XTc?}5,4C;D{MO.Kv,3}:C`LN-gu,q382+6kQ}},"k,Tmj~Pw.i",hV^z0k.t6x,"L?:>A,WJLB",K[7:%jDicU,OzZ|9/zKGy,ef`]u!|V{`,hyd{qAD}`v,QA2Z`&%>+{,OEPgF{1jOn,Lr+B<Pw}#2,I|/.Z?idjd
Mexico,sxOMs+bE8@,.9=;4#NxhT,-F<:3!Mw)S,"sgq|,rEUT>",cep8BP*Eja,vFrU{gPXOA,nNI(>d`5|I,qj/S4:J~Wh,J+O2qUIUz|,p<FKrHg99Q,H/0e[]~?ap,I$=}<6%^YZ,g:T}B*NTPI,OKxBG0?#dm,im}0hozT&<
Puerto Rico,t3aZXtpNyi,/cM}{m1G!#,.#L|`l0FG!,Mmy:MH3p-5,"C00t,nt-~8",^@~8x/eFp,Pkxoj6=pZF,c+d=6X;DR:,"OX,mUDIStL",voNLUF#rIP,um^^I*6+xA,v^*lp<W6Fi,l2*Cj7{@n2,"ivB,61}=>D",j&&6JU`wC`
Cuba,rPekx@n9:L,->QW9/Z2wb,",XPV8.Y1]a",bb1Lx^zyVu,ueNqs:h=(z,K4#|XaqO:g,rz5xk#1<PP,xm[hZ@]0D2,"kjo~PAZ.,y",t]9y*|+tZ,yn:3FCAjQ@,pRgD#Wsw2^,GgGoW+/m9v,hU(8=s;Cch,fNO@iv1hM}
Dominican Republic,lAxH.CfJB@,"&$9,uvRC%T",%I8+tuQBJS,mSo]}$<EpU,DNXY<9~9OH,"stl,m~cAO&",xxk(Bq-Z`<,cl`b5<!_&X,r#k4%<ieJ;,yOTi(~YAk6,L8k_N_5Y[s,f>P{9v2]Bz,}p:<>`uNI,Qn=_I47LA%,OIp9T`E.zP
Haiti,hZ/V/D&rO`,!}v_vwnk=Y,97u^uvmjWX,OXH#q-u9XF,l!=SCi?>l?,"j1e,tg|Z&b",ewx9/IV5o%,z@fLLI>[@B,k^PtQpRdLQ,wXo*CTq<vz,o>gTQqW#WH,qs5ugn0]pn,e~0n<#f5bd,L[wNzP!?1/,xJoB:Z/33$
Jamaica,h&`>n98~V1,!nHAZ2h]_r,9/GzY1g[3q,P[t`X50n$K,G5wA};7d`m,qjIBt_WC^1,xddNP~dyT_,Ob.MR2u/-&,i7sQICmsKP,lj(hdT=ie~,KpAD6q(C@6,sUU#6=tmRv,Eo@49=+F}8,q8/fZLX~{C,uv4>|I(g|3
Trinidad and Tobago,t50y/[AEhF,/e~!v:$xT`,.%}9u/#wp_,CaSU3w{HJO,la.c2n+A7e,FQm}Y9aG^*,zRmOT{Xeqm,oO/>jPN^a5,I=mZ*3?!_l,H>U*FzuU!q,K$Iv_pVvA$,I}(#ILZ(pk,o?c_P]7cRa,KS=C;d>$qo,"cV/[QK2H^,"
Bermuda,gBCR?!O*;E,9%&@B3=!x_,8J%?A2<9^^,b(JUWzefV^,sZ</&q1)tK,h:@GWL?4y1,H+Rb-3u-sn,JM7]2EJ[qX,wY{he1D;Tc,bS{]Ow*V`E,kBtlV6Xe??,F=!;a!Xf#Z,kerXOzu2o7,KBoJ<q5@rq,ALw.(aKml7
Guadeloupe,tTnCoO/*tk,/]Z&0Hv!5%,.1Y%ZGu9B$,":?*,_d`iM",d.lZ`^MKjl,KI?g-vLTJ8,LE9jC#sSOE,jpDvwSb-OL,Qg3C+rbaa*,KIg(;uu).*,f6];`G5Rp+,"dR1Ao,]{i_","NP4io,tN@E",IY+SvWsts^,wmUbr/<Kzf
The Bahamas,W5?6yQZD2,PeSw!?}(V,O%RvG>|&U,N$AR]vQR?L,u#*HO9?|?],"d`,;^d_nt5",N}PXRbob?8,J%7U=$j(Cr,Bp:8AxZIJ*,bm_rpQxEpV,lgk=]hEdgU,"yLf3$zA,NG",Dah(ez`c_V,yy:S2rSD5),x!QK:aR+Kd
Barbados,e{e8vi@^PY,7IQh7bC<>o,6ePg6aB;Xn,jFv`AX2j9Z,c^iV73&0V(,b:(mUH@(`.,il|4oTIh7t,q;6Wv3u)tx,O8La>q*+=D,I1w1@S?{u2,Fa]aBu=L1z,O@9XZJX</+,R>nCNt0yu,lt:FGWJBSN,M(G<3?R+|c
Belize,tcneuK7v%`,/OZQ6DgomY,.kYP5Cfn.X,w{[+/hi?P7,gBJKTCx_/6,c0H>DK:hY.,J2r:;Tb}bM,"D@,Q^H)}Ln",d&bsqV:N$w,hsYz#zh=Oy,eYe;odSry.,"j6>145,O82",t`C(;[sNdL,C4}ih73A=d,y(>fAw?M7h
Costa Rica,uH*Q(mcRt5,":,q?ofOK5v",/Pp>neNJBu,C}D/)CbE1E,w0Je-<6ym_,"CPWU&xD,31",iT]9Jy+|:B,ebcMj4pw`P,ELV(4@XqZt,DEMGqHWrE%,Q*lz)cq4AX,pT|UHy5*l&,jx:$oBn/.`,K?Rp/MMGOo,x5_%[P=#b-
El Salvador,k$1_yaF?9#,%laG!^*.iB,$-~F9])-*A,r]by!Z{bH3,o[GR>HoXjp,Aq@4iLUo[t,ns9RF=A{<?,lWXANkm_ks,gM!|AcSE~W,hdIq-F%tt3,mtvJwCsa{r,D9qv;Owm8Y,J.W)SYM8sK,z&vP452~E,o>?99Fvx%/
Guatemala,dUZ^=SE5BG,6^}FzL)Y%{,52|EyK(XJ`,5H}uoT?x9,NGD}XK^mX},u2@(1}y4a{,oQW|#KNZR!,f.SoIgVf$q,^(x:orV#n,"pZ,nCA,.0R",Py)lE+`c_p,"d5MCU2l,|S",v40(;6p*},q=j}:zl1<J,vv!U3<)YQd
Honduras,t_h*fbN#:(,/GTqR_<4wF,.cSpQ^;3]E,d_{5}`KOeV,y[:PO%mkg(,u2YZ8>C2[I,QUEZaS<.i&,sHKG^]G1Hi,Leo~hD<WPr,I[EaKvyq9C,L$g~<z8s>r,hrKSxfw<Sx,wRBJ?WBHw.,"h!A$6,]|rX",woFoh!BsPk
Nicaragua,q=w[<m2Bk&,",z8DyfbuWE",+`7CxeatsD,b=!Fr*y_C!,z?M@Me}UrK,B1cUA{Hro^,NgMbQSn4l{,xPbky$#R*1,"iKL]@oe;,B",k-UG}XV}RQ,rX)V])-VWp,y1X~Q<&tY%,D*|Y`?S__5,p>r$se/Z0G,H)T>$qo8FD
Panama,vpOTK6tMr@,;1=]/Z5F3T,:x<[.Y4EzS,P[nc3.TLD`,y8o-zQb(8j,b~C@$BV@fk,v5e#_P()cc,gw%[JT~eOZ,QIn7X6P~>i,r79P4ThUyr,qL~S9=NS<a,mg;tA3T#.4,vc/xDNSP!Q,rq12?AX9S2,vp[7n&^y0?
Antigua and Barbuda,m2F|cUkKhv,(b*JONWDT;,&!)INMVCp:,G~@ufSz/a;,B{LJC|+^D.,ddf7bzEG~m,J2R`q[Z2!i,o@zxjV_qcp,qvhov1fh!t,uLT/@mIHyE,tZVeiXYUc3,w-@AZOCawT,vVFyChk*mq,t[lzZGY3.3,gOMsqm#1v:
Dominica,k}4/oj#$~s,%Kdv0ck5L.,$gcuZbj4h-,J32gf}o<MD,efA[V?^$DO,"P,t][$~Axv",DMfp:u>1/~,K~OD+`QJa(,P?8;T>jkXg,hq<./^6hM?,GQLh_H^La#,k.KG&JLZ`E,"u2k7XVl,6]",yd77K)R=;f,C}IA~L{U6@
Saint Vincent and the Grenadines,va/ky=f5pK,";MvW!,RY1a",:iuV9+QXx~,dnCkHdCc(#,CTw3Yd}Sx4,xN@x`d<BS1,E{q^42h($(,nm*l%S8r+{,fGB0mK7OmU,"yS!)#wTR3,",C9Yd9s9x^4,"kS{CQ@,$y|",i3Cz?V6y+J,v=h^~bGQ1l,it>eGSc0;R
Somalia,"c,5(mUGzYT",5seoYN+s|j,4>dnXM*r6i,M$iq^Ddz$z,G#LLy[.iS2,j.J_!d]H{c,N&H{fk[c3L,o^IIsTJR4[,b.K2|uT9#&,"z{%WvW,O^e",IJx`PW+GwM,C-=fx`$bT},rr).TrA1*?,"Q,9;b>.MPK",Ou]hx.]gl>
Zanzibar,gp[h@]y13l,91DTC;!Uc&,8xCSB:9T#%,"cH+7jy4I,m",Cko(o5/eN6,nLS!c^B.u5,yTwB:d{m;m,uc9G:E._YR,o6Q=4QRc:P,GmXe5(x+Sd,DY_}Ym-I8p,gj79~OV>hd,vaqxA_9kBR,pQkua|dss!,"wxybJM,rY"
Ghana,gx:;za!?C9,99wx#^j.&z,8Fvw!]i-Ky,uQ-6g&t&/t,K>Dfm{ad5K,uJWy?`0JRW,j[3-~lc=uu,/zj4yGq-~,O6XK(yEdjN,KOyffK#a5H,p3Y4T-dI^r,xy{u)[Y5T.,yTe`BA-t|0,E[oI~&d)7T,grAkl2|g`7
Guinea,r]*Ioa%$bK,-Eq-0^m5Na,",ap,Z]l4j~",ltf#^eLgH=,t@-V_iMKbK,I[3;:2u9!5,"E+q[fM~I%,",zlk#[1bx]e,Q!&RwY_+~G,CMz9QB%2X^,D<!ftRrn^|,e]bdeJ!9Y9,"M#.,MF3zu#",Q%7E!2lJ`R,or!sdEld[)
New Zealand,)Y}Qy.3GK,9|1g!uc+D,860fGtb*C,cYWtxb5I.n,G8%+Eg:Na<,Qt?NY}jsN;,Fa.~5.=<;F,tBCiVBcuG_,HU{V)h>->1,tEG*ja>]Nv,jgG[|g62bu,hP;i-k*Lq&,FMWF;bagK%,pizs$6f^OI,Kb<43(~@]3
French Polynesia,lH^2D]w;[H,"&,Fb(;8*D|",%PEa&:7)~{,s&%k)X]^%+,qpx1j<_-l5,m~5*]PDD9k,qjeAhS!PI:,lI<3M8p[+),|:r0wYpo+,p1SyIlllJ,D%X|~3..Zn,bqj>}eJA-L,yAA!g~.{$T,Jt!e.x.0Gt,I#a1r}a^ox
Philippines,qx%>fB$d+$,",9mARul{rC",+FlzQtk`=B,b-3J|=Nm69,z|A6R3H)3B,vlkjlV^U~T,m6|Qi!lWAQ,n58X<QI]0p,"M<c,]nB<a~",N]c2]O;WnL,v6tcadB/em,gBm$0u(##-,HK:>.+2ex6,jb8Eh65j#1,b<B+n+EEth
Kosovo,libliptkB4,&UNXUi5d%u,%qMWTh4cJt,G;f97RI^i|,"J,3]AhU%0c",bwsw8$TgX1,lq[V&Ro6p!,"rs3Uv}D,)h",N={U.qMDd5,n~]=K*@H_e,ec.^XR/1PK,L^O|)G!]GZ,Gp[KjjQ<jg,kHP%(:~L<o,HHv[i4BE!V
Libya,jrM28*HbyG,"$3;bh!,_!{",#z:ag9+^G`,Lng7&qhm~G,"jWy+dd+,ta",d[tm>aNv-o,uCA#@hm#=u,jcwmr?mk}z,OgRSGzP9iU,"t%glMxI7,6",lh63b}7+i*,"s(o*X{,=M~",tln?%x~7F~,qVkX-]bkG,b|sXd=z![^
Palau,r?E$4f-d0/,-B)ld}t{~M,",|(kc|s`8L",L~g[-Y5a.V,c}m%T+N!Gz,fPO>]fFure,u~Z*V|m1JC,Abp+=0%|oz,gux9;qM)nK,Lkpnrm+}N*,rXXpo0h~v.,"P/Qv,VDEKQ",bIs.bxZR0(,d2lqq9EhWX,hn&pw!0<IJ
Saint Lucia,leh^fmrt*#,&QTFRf3mqB,%mSEQe2l<A,uEmYu^%Cdm,xzc~#RzbI@,oBs%LSd4B;,Aovq2LfJ3x,B2:MgtMw1@,hq?[{n24G;,mBqT]p_`hn,cz6$`eS%Jt,N{TW4(>IDn,x;Dpp1PqVJ,Eq6mfOsni,o)W8c&~x)v
Bali,O~pXkAbd3,HL+nW$NPW,Gh*ms#MOV,dW]ePHn0<E,FCE{oF+@St,IxLAH)+-_V,J?N4X)hLQ4,llB|P7o^Tq,u._5@pRbGb,w@=dG}+guF,"b&jm5o,1&}",qG*a}3UG)u,CIQ71%6R^9,"K:,rs}g<n!",vzrC7`Rysy
Grenada,f*LO~>!0PN,8q:=L-jT>d,"7</<K,iSXc",xj/*Nw.FyN,I{.D^{85=#,"l[/(,BJdiJ",t2BlE6w@U0,K7t:ah)Nlf,t1sE<.qtO/,kG0ycx1-&@,j@1%Q{#*[u,c.ecIN49mi,to@xOWmFJ.,DCq[ofnQ_C,yO`O$6WvVk
British Virgin Islands,q[}7hk(+=e,",DKgTdo#z7",+~JfScn!`6,I5l?zw=g2W,uu)_`Q0++C,k`{m~8Eb`.,mmn-72S%.C,"n1HR1,WDIm",t|}7%V0{4w,gqj^s3}^Y6,P-3hgOQ.ys,p@qz|I2nB5,K{nI7<cc70,"f,}O1xREjN",jnY+~6&jpG
Turks and Caicos Islands,q7do-wLx%E,",gP0tp:qm_",+(OZso/p.^,HF8bKY!Wia,"c$J,,={OZd",GJT]wWpqv6,iBkK=.H[[*,cx%FD8~SUL,v?vAk$tZAa,I5siG$Ea{.,QJlzFH~z_P,J#8B}2kf`U,LrH4?MS:.Y,s<58h6{z5l,CTevYb-Dt]
Cayman Islands,vwc3}.=Z#&,;8OcK&zSkE,":ENbJ%yR,D",PcUr6zy#ql,qhlz<GNM_8,"OL?i,z)TP#",yD<PlLql`:,M=3y(}U;7v,"l,[F>UJ/PN",fLt!@-+AbO,M6}Ies>(@<,"v,6i%=6]ZK",u79LUet]wo,Kd6N5U=|)z,qRrQ1!Q_|1
Anguilla,e<X;[vACXC,7y{xDo$v{],6_`wCn#u5[,uTx.c_gB-g,emq?3*tP9W,rsxD)TXKC#,i4D*V-sHYX,rMX~]}XH:Z,zz4Ej5gtx6,n9+C*4}y8Y,v1f9P_|St},M1I*#!aO+b,"A3LXxt?F^,",k=jl<#jRj=,yAjf4@lr54
Azores,"j=L,YBvsBk",$z:s|u7l%%,#`/r{t6kJ$,M=(.zK+i8],f2L&U-(v+/,tKD)*8S3TN,NLQ8Se/(B%,tTWNp2kfJh,BJvzz<mQn/,Gs)`C+V}D+,qne1j$8#!W,K|(?~Z#g=#,"PX.1yc,,.R",Op!BKAf7LA,"eqlD,+=z-}"
Curaçao,oa87&PB&Bm,*MhgnI%7%(,)igfmH$6J&,"w?},I|jwcN",Gc>|URJcg|,y9[[$e%qC`,dl?k9`s(|K,bPqp-AGH3Y,GH~LmtD8o#,e(pOqB.N-d,zA3)&;T.So,Q:^I|cS~DH,NsA5?JrP~1,F/Isk.P.[(,mOz:A8Cv+c
French Guiana,b^Try&me1A,4F]3!7Y|a@,3b[296X{9?,wU6oi[(~g5,"Dd.ED,HOi&",t6K(T;};3},zR_=AM#e1.,iEf6;Pr<M!,N@2CXFim}.,M4ikwvZDb7,KQSMJ1$_H),ip)J{<Lnl,F(D>g8N$)H,D6%hiXB5%&,ICS}K]:uYU
Gibraltar,o``:?0>/yz,*HHwBTA(!?,)dGvASz&G>,rJf@3vMORX,J3)Ty17a?Q,"sg,bj=%n1w","M~5K,Lq-LX",AfMgn:9E6@,jZpi[+b>`2,dH*XdVw~QD,kUnN|-Yeg2,pr(?+A]W}t,v>bBTG<5Gh,I^>KA)+sWg,zgf^l#Fr_!
Guernsey,pz(G*<F93/,+#o+q+*2cM,*Hn*p*)1#L,t)7YT?VSxY,xWD+oGZ~vY,onvgK4ynAq,sKVdix$DBJ,y;=#m2VTao,LvKjC9)Jop,eNR2Z!EX8I,"OR~,aQ8}/~",G_A@po3cTH,zZZ!>9eHNM,sT#mp.Gr-7,rD8]2[8>]A
Isle of Man,cV4idO^r8W,5_dUPHFkhm,43cTOGEj)l,m*zfj4hJj+,G+c6-zDX5@,r]11B;H~[z,emf@Kw7U_W,LB())=5`]S,f&H7U0-[5},^eu[i$#E%,s>TnR*#azp,C$4G)9=It:,g7Q$z&jd|J,h=t{w:CR{},i.e%#9<d]H
Jersey,m*PYE=#wr^,"(q>|),kp3W",&<={(+jozV,z#:5{OdBN],g;I=8p!(]b,"CO+b,zPO_I",j{s4{ed!RV,J0UNSJ4UR.,MD>R`2$IfI,"B8PvZsL%=,",ffDEwyj0dT,qu:q$z3/}3,M~b-N@&%|C,dloL=[(^e?,k+H>G/=c~s
Kiribati,sXzvT.g31p,.{#7]&SWa+,-5!6[%RV9*,`ePFuGBDX,b_#ie@t!%Q,NwEo@VHs_d,q|wSo|9[WL,Nvp;D=X.u{,kA<Bx%0-hP,dniv8r!ci3,"n,:{~_b8Bi",DG[o{vhsu@,tMIwged`Yl,C?Uw?zaUb{,"k,I4VI,$*Z"
Macau,mq)8`hi{hb,(2phHaU?T4,&yogG~T>p3,co2;shq(5S,AGUPi8s%aF,vwc}tXrF=w,o.R(%XRfF<,"p{:,t++CFI",kp&`?`CDeL,F)w6t`GX4(,LO^)jB@|p/,z:Rh_xOA1G,bfp}dMQSWW,PBogQaAw&>,wcmCaTm14V
Madeira,h}lnSN_f$_,!KXZ[GG}lX,9gWY@FF|-W,z>%tQDyw7D,CwGQYVm2&`,"H,;72`%LJX",J4U9*&@eJO,CpG.*qzHU5,yp(op%kwx],NGbgN#o/Ie,FLi~`:rK*C,il_3&ea+_9,PK^Qz|@`4!,"/p,a<Whel",va7a~Jl^Dx
Marshall Islands,"eT<gzg?q,r",7]yS#~Bjs-,"61xR!}Ai>,",yc9tc)O|D),"Hh[ZfFwkH,",hO~G0Ujd_$,x$e/?}ioiX,"fO#rmj#,Uh",gum46?fIJ@,h@yv7?b9!l,A/gJwBqOWr,P1mx3c~z/{,r=fi|`?VB0,u{k1nWQ(RB,F0EU[[bgz0
Nauru,vE[T$`n9T),;)D]l>Z2]G,:MC[k=Y11F,CmEf8|#B?{,PFcyiTRKq=,D|=[nt0eT&,"O,{dn7CExu",r=<RFKhs~w,nB97`B-u),KsV`wSHfP8,y3XH$Vv!}O,h3jZfpL|`9,o(ubw#KC7V,J$z:rG4h]?,g0yTLOPs_3
New Caledonia,tj&bK}%P!F,/VnN/[mIj`,.rmM.@lH+_,QG_m`Y6OnU,Ql.8m|u}H!,vLL9vrH]jE,vqizD*x9.v,bit-NvK^B3,O-wR/1*Y6i,IGD[r5m}DP,"rlB,Mw_{9u",peu`}Xvu$<,z_h)r^y=s1,t6<KUOeB9D,cPwvsMSC1N
Niue,kX]hN=_.c-,"%{ET<,G&OK",$5DS;+F%kJ,H~PFXc^2.|,"k}E2,sF7^}",G5M^3c_/X|,AE%P6;/:4z,"I>,%[aL/r)",M1DF:M)y_T,BiJoHsq#gs,tu#G0@lX~;,oRMP/z9PW4,J]tb-@Emki,uxB==Gt:p4,P0cb3EIuka
Northern Cyprus,"r/B|ra%L,.",-v%J3^mEsL,",[$I2]lD>K","CuDj}XI),:",FGrbm!9:Cd,bbW|f)4_>u,i;wkVQEC8~,"q,5sUDZJ@|",H!Ms:!^6Ka,ODBApmZ]n:,EU8;wgRtD*,1;U0O.*[;,LH}a8g>8j0,qhzCnw7SeK,JIMRfa2KCL
Saint Kitts and Nevis,b[(2`4t&?J,4DobHX57B~,3~naGW46|},"j]:U,18j(c",FMj}H;knqq,QP7}%SW/px,w^9U1RGI}b,"fN1A,qu<xJ",P$;>yK&Bb#,leBrcK+h^,Wgt{Z2z@-,QZnt.4(%mo,rGGr}eE=!_,n?DZHp.>ui,"JA26u,2`hg"
Samoa,qvITjNxkLN,",7-]VG9d:d","+D,[UF8cTc",c+Zk;oa>e/,d9@W=6sKJ-,h70gtJ%&xI,Nq3Z?3&|oE,A16VT}*wpu,"NJhO,P|nW`",kwjZ:hu+^b,nlXMhXa:eo,"oxS[,m0cv0",D`AD4m05p3,wJ}.y$;-Li,IL-!Ly@Fzc
Somaliland,jX=#G8wu#(,${zk+18nkF,"#5yj*07m,E",dy>%OTh=dS,F)s+:]$(EA,sOvum<h.&0,Dy8wkcY4!S,Ip12e4sGC?,ki}T;HSiij,u3Kaf5B|v`,L7_]M^ye0_,"fdc=:,[<%A",D6j;d-P4IS,xt)sOuFtn:,hL&<+w5j^&
South Sudan,l&#7I)Ah/E,&nkg-9$av_,"%/jf,8#~[^",j_Sf!`8fUy,zv#Fyq9;?1,"p2,K;bOB~T",pHNtJdHo[e,mxqXkoW;I],":+A,]QJt-",w?EtZ3tDY9,kyNx*s3<uT,cKh&#?A3QL,lmQ#xXTt4E,D>J)^[Z5>W,K6KK5O7|e$
Tuvalu,"de=9c:,@j9",6QziO)s/Vz,5myhN(r.ry,ET[Oa;OLaK,AJ/nnIR/[0,e_%R[08+Z,IBl:CrljZo,BND}O4g5Z(,o6f7z~ZCr6,e_W9-v{whs,s:lS}~kTP7,Q*%#@o})>],Kc/ra`3(37,q*:-Mw0N*%,qu7$T~h$aQ
United States Virgin Islands,kE!iKHLN_g,%)jU/A:GG9,$MiT.z/Fc8,wt]m$(ynIk,rB6=j&@4e&,pSK9uw6xC?,EwR<30)#1g,p~cba36}ll,jX.V=Tm<P3,wNjlEuB#7E,E._?&%07Sc,E^+}$Fd}]X,"r,rl(W~R!#",OPWV>ZT>/O,eCD^X&;&BR
Åland Islands,d``B*6:eCx,6HH%qZw|&=,5dG$pYv{K<,dC[x.]4VGu,uL7#}Qw}D9,s{g7@QD$qr,ikT)0#7&yt,kZ;onU6NiN,eItZ|YXm$3,i@oGe!DhQ3,lLRpv)^=-$,mGD+>ZU!P_,B$dB1.]P{>,u3F0Et:T#u,DZ4H}xv.@0
South Ossetia,p]t8:Tka7q,"+E5hwMW^g,",*a4gvLV](+,w?1B]|VvAn,OawZ7gbEjw,jhuwlGqRkR,kAP^Ny~90T,oI5~{W$B0+,f*vz&Ph[bR,",yh{iX8m{",cee!Fd2H$h,Lt&mV$ktKh,ll0rItP2i#,GV6Rn!dmr!,j$(6)I{3Mv
American Samoa,niJUFZF$Y:,)U.^*S*5|N,(q-])R)46M,N?ze.ZE4@K,D=!L6rg_pr,cfXokA*89x,"u.[N1#,@y:","G.,g9N->(r",fsloLaTPf8,dDu`aH[7Od,HyIk26o)>j,q:/.a{Ra`0,KNwpFmu3~S,i<%1$y^@*#,qVHFX7r;h9
Northern Mariana Islands,p}Qa|!7PpR,+K?MJ3gI1h,*g>LI2fHxg,DRS!iJyvJG,qOB6Gi<G=,t0QR1Q:HMY,xDK0`i2s%/,fITQ3o(eNJ,ga-I(hwLN),Iy_EqYuh9C,xIgw]b[Ca,N[J$eGc6oI,lXJyrwE+<O,sSnQ{8$PL1,"g}l,l&fs(:"
Aruba,uv1fGXHN@),":7aR+Q,GCG",/D~Q*P+F}F,L5qdsn2.Vt,"l(DiRV,GPj","e[{g,ks$!I",t9Ryk}`qj2,"vu]t,+fglW",AUgq3IkilN,tU-h*1<Z9g,gA!f|vb<.t,wK[jH>7hg#,QwC`JOy)f),kRnWGJyI$s,uSPUaH0];!
Abkhazia,sRw-ik:I$v,.@8tUdwBl;,-Z7sTcvA-:,u:[~?k7{9`,NH:[}beT-z,v6t>$<ADP[,PB_{Euk>>/,MZ+&Gti2z$,"w`;zj+qi],",BZ|D48kZ6%,"L/5_4LD,/N",nlPmxc=N-Q,d`_!}E{gW[,"KP+Ycj,Stk",x5uj+%OM9d
Sint Maarten,bnEK#)[;qT,4Z)/k9D*2j,3v(.j8C)yi,ct@4i2c5]R,r8MKfCfg2E,i:L[HB&@F[,A)h(R4;N+m,Cr+mEZlgA:,Ar:~TK>ugF,k]EOmk4}A?,bY]b2xX@do,1p0XUjP5>,DP;c*Gso.!,q|%vIOl1;T,m&XT%bsGw(
Tonga,"c^,~EC6Pb2",5FsL)vfINs,4brK(ueHjr,v&W7WvlFQH,nJdfBSsZq=,ebha1T}R8+,d`zDA9y~gZ,J^vx<Yy&b%,"KG~t}M~,_o",Gjci[`.B}=,b|pv4=f4>n,O%hMRDX^>9,MXy1;P2k/U,kecv+!in:(,zC2!%:o!qd
Transnistria,tMMtBUpb$&,/;;5%N1_lE,.U:4$M0^-D,JS/Mu$zWXF,ox5y>?yriv,CP|Bi<B+3(,C&k%h=UUn#,Qm?>e]Q]ag,|*Z`50Bgs,G%yn8F/|RL,n-MjqM#<W{,c}5lGCy|;K,guaI|||<p0,hqjCaPaeEZ,i!?4Hc^[WK
Sardinia,jKIDq|}J&c,$/-(2@KCn5,"#S,&1?JB/4",d*RV!D6_/z,"P%!7{$,zCG","i9-RjgM[_,","dzu,L2RTO6","CH0T!),h9{",qW1*i(&R3$,D9X*P<0(5R,h(~2^@60l(,p#pLS.CKZC,d|JbnAP.Wy,zO#CeF9xFv,e(}%?$1n1Z
Kaliningrad Oblast,dC:e5G4J/p,6&wQezdCv+,5KvPdycB[*,r6u%*kzI$i,t;/rK0Elxw,x`*~=TA+FK,CQXXs$n5cv,r+ehJ?q]D.,iZ`BoOu7TH,G#>XV1}xL2,iEC3b2]U!+,B)e_x[4X4P,"B;L,H^Gdc?",eR2{(`qi%Y,A]28vyA>&x
Martinique,u;|vR#mVMW,:xJ7@4YO;m,/^I6?3XNUl,L{DDezoz^,s9/>8RT~Sr,bmb^QU~Z*k,xBC@m/Re-7,F[Xrq2xy>E,B=^Q!Oy7dx,qw`r9pt!l-,my>[7JB9|d,"k/b,[~~NHp",sgG67QPkGm,HG&?iX3#/u,"fV5iO9=}H,"
Java,gDsLPj(9S#,9(4:>co2[B,8L3/=bn10A,wao7Vn!%<:,"raobJ?,rJ[",P&j>MnZjBl,u~.<cG1`ob,A1z!_C=d(c,EykZ%2$zVY,I7oz98q8(-,Pia{cdkS[9,"eQS2[,]W[c",OqXRZlbw}(,le_KRk9id-,i+DaDVG`8F
Corsica,xb&P*pH(Q,"qNEfq1,oJ",pjDe<0+nI,"B,.i%oyEc%",OB:w%H&-Al,FUCfa4kb<y,"B[,~m31[Og",HedPV<oAW~,P)2eJ7Sr]e,"fAFgA,TS$w",w:QQuWvDwe,epq0k>2D`},Q*1]Cvu?#a,Fs[o{go+4R,uju+7hizrf
European Union,Bszsaz0Iuo,[4#4Ms~B6*,@A!3Lr}AC),k9gbGeqVQp,IozRi;br@?,q9GttqBN(j,dIUwggycz7,FlmNG3Av;e,"Cj.2Qz[,?;",j)QbJ69Vad,j}XcHC4/t&,u+h4}fHu<F,i!W~<KRt5z,D.m%ueXh:9,iJ4<uD:fVz
Gulf of Mexico,JOT:U4ayh@,~=]w^XMrTT,}W[v]WLqpS,N;|zJ3r1U0,BidEZ1j?sA,ujWW0n-WqL,fBT#}$9v{@,zy#+XVV9S`,mjltS8qw#I,L.bEhS#[bm,KG?flH`c;d,IxuFPY]!|V,C[6n(w[lB),w3~iPHCWi@,"h,wvQiW}f."
Philippine Sea,G/^_##fcPN,{vFGk4R`>d,`[EFj3Q_Xc,x!47n<n_@M,Q0Hf<s|zmU,u}sPj7cerL,uvRyF*9Zqg,DjNpq@BAMv,wN+#PV27nX,z!(JMxmH=r,t3?G**%UOs,G9wDHnt]lR,H^N5YV|BHa,iBUU9F}H(L,OD>z~q-UNy
Southern Ocean,LPF4AfaHKR,b>*d$}MA/h,aX)c#|LzSg,ilFuAD^xhq,"eyVn,2@529",Fs>y5(sRng,s^4z/0k+AF,jVChM/v;]D,DMw7[z1|/f,b#XvD_w?e<,vF[(#a^Y55,yT%#eYD>ip,x:D(it<iX(,bz_}yj$lGt,"J+[lvz&;-,"
Gulf of Thailand,rSneU!3}bn,-[ZQ^3c[N),",0YP]2b@j(",KfB$YBpp#=,s>VRzs_ra_,c!B%9S]zNK,Ej./VrJYpS,u@^{[]68&M,myDYy<t!DY,eprA@[$2!T,v^^9nD/1[^,"o5,a23d~xt",OAj=#W15kV,L5fYa(HY?&,PvI$=E?rZw
Micronesia,cv+Nq9:a<P,57r<22w^yf,4Dq;11v]_e,oPx5Bq1z_~,nK_Xe;yw*A,gH(-5bzcUq,"Og]Pyc,dB|","q,Yx(B^2)]",e7aUv]y3NG,rJMplZ%}9O,N#*<!Qu#_?,nog:&|/c)%,trU4$>SA5<,e.APg@5bUY,K/S;RrvSE/
Pacific Ocean,f*2@qiHh_1,"8qbC2b,aGr",7<aB1a+~cq,"xs+r,A:Ybh",Fe.owPPLXj,"g.N+uMm,{6",O6aT:6ldHZ,o2AxTxOe+;,fL<u4=Axl[,Bmj!9P&|{=,tXc}dmX&<>,"LwE:P,P98X",EV^6i(gTp`,A6$z`mA%oA,t27nr9YA-z
Atlantic Ocean,nuU8A_$i2M,)6^h$=lbbc,(C]g#<ka!b,l:S1L#&(=-,v#9&oC&^gU,IS`eM7]t)I,xWSI:FF;%x,"e1k,rPrJXi",j65XMZPPCl,w5X%!:NGm:,e?vaE69=en,"PE#g{:,.LA",M2pjpDwxdk,EqzHXTWxR_,"j5,]`(F1G"
Indian Ocean,fT!w8R#>dg,8]j8hKk-P9,"71i7gJj,l8",vV<w5Z&41M,zv;#VKpiyA,Ja&@${-ll#,EMPCtOx;Rj,fezBXMIU#+,taGg_[({a>,M.$!dle5NI,I6g)*h8Ip<,MNe>6KJz>Q,cn;X?=;$x$,FdxY7GZlp$,HL![RP|Urq
Arctic Ocean,gG6SWfM>H0,"9+f[`};-,q","8Oe@_|:,Pp",l?;mPU|Vu$,msi&z%jb~L,f#ZCPMD62V,yXRb0bi*D.,ygzZMO52<5,"c3_S$ge,H%",rJI8->gW%l,r4vN]%uAKT,NLqA4ocW^(,i0rhYlrB0u,NBAc+DUlR.,ofIXVVnbk+
Hudson Bay,sM0GPt1HS1,.;~+>maA[r,-U}*=l~z0q,g&y>f[SfCo,wt&@Z9Ke*y,I_$^q=J15;,"c3fq*,<:~U",RiU6/6cNcj,mVqJCtNO^w,k@SZ]//WP;,PHd^5hPMSU,JWW*MtR~uJ,iQm-U0VW2S,<`6_Qhsxm,"gnWvb,Aj_F"
Labrador Sea,dlU7VG|3Gd,6X^g_zJW+6,5t]f^yIVO5,mC$X9cRfF4,i?3Cq]Y=6@,"O_++P3q,lg",D#f:CN7HH4,EV{1>IbA3.,f*A:Z4bkRD,Oz!#K-Ae}V,L0pY~Sl++C,GAjT.#!J1@,ga{WsQ_.xK,JCM;5M&_0{,fuKjK4-6uB
White Sea,cEO^y)Md[G,5)=F!9;{D{,4M<E98:`~`,CJHNGvTT1-,IHD#^9>(oF,yKo`$PaHGg,ym)YXCoojW,Ok!(($u.|p,ite]=1-[IW,dAn9Lu_CJ^,ka~R7f}F%C,wd}GQaBf8^,j?gTI%edF-,h-`Y2EhgFQ,jGWB8^WXiP
Denmark Strait,eN#^kPGv*L,7<kFWI+oqb,6VjEVH*n<a,c.@-5vbYSr,Bc^_k/M|{V,J9k3i5aRzz,"n!%,$ZZU.A",suwt).}j(N,sE1}%6$3D9,r[yPN|H[T},Eo2o%/dsa;,"iH_T4wLlp,",n=-`bGotOp,z3@H1&nZSg,t=j1ZPtgOE
Norwegian Sea,lp@e##m.!+,&1CQk4Y&jI,%xBPj3X%+H,Bvr#2W*V4O,ePFlYQsRPh,F9A3Lkp?+N,ds)Lw5L_oG,LoxeR.`jw@,li{q-g0Ru|,bQ.I*Gfr5},FGMh%X!#`#,b*bdAyf+0*,H?|wU99/d6,LaP>$T8P<9,DN%cHNg4Zn
Baltic Sea,epvt3>HH?U,"7175c-,ABk","6x64b,+z|j",HY(==0nL/5,lQbPlI/gwj,v]C@D/(-+g,Btv`iTH0LW,p}2F6mZ.QA,iWh/XzA:Fx,E_&3V&K[)_,P+Aat{#Q`@,D}wop3Sg;c,"s)j|{A1@v,",s<L4%Wra>#,bs8M8s)6X|
Celtic Sea,E3u*2.<9#`,_c6qb&y2kY,"^#5pa%x1,X",x9m098F78O,c*=o}p_W/X,kn6vhJtt!Y,q]o/<>5}wu,bEhl$M2clS,QQ+*SW>?NN,csHk9=FjrN,"l5,QyGQp;O",oq*hWKpPpR,wF6<Fqdcps,Ab=ZDp>N$},sg.X:y`!db
English Channel,q1Q3Do8S>g,",a?c(hhLA9",+9>b&ggK{8,QGDo{u)NuE,b~m$wS)FZZ,nlr&VdfBJA,M_Aq-@$=Ed,mUci[@*L<c,J{(N4{^e:N,C]:V&kby#o,F/1cJ>Fv&k,x%fcV]x!1_,PLCJ5=X}y%,y7bRprmOE`,q@B#VXN;Jf
Adriatic Sea,yX:tmrd5;],>{w5YkPYxV,=5v4XjOX^U,"j7FyQaW,n{",x)A]S|GN_G,BLvM|PE:rh,M0{EnlSZ[&,CQTeWe?;Y/,GZ2yh|R:fR,k.<MjI(i0l,Fp7TupO=4T,q?nInVZ5|s,L4WiVp>Un|,oylp@hqALI,vTvl[[S&ba
Bay of Biscay,H*c[ML+`s=,|qOD;Er>4Q,{<NC:Dq=AP,QwwgN[<duR,Aal{|%850},f.Z<UFi.{x,q}Pw=WLDWu,Ih-lfoAUWi,gx#n~i)Kft,H|DRE(4*?I,"y0iP,bej)y",w;##5l={aM,PgPrWu&6I?,"GPy,`vg]}<",q/Q9$4A[.0
Black Sea,e_;dzXj8de,7GxP#QV1P7,6cwO!PU0l6,gb>Q&:;ekF,uge7s($h<X,wsM3JR2Xv?,od6cw^-E-],txn5MPFzv#,"sB,_Fhn5&I",nkl5f<lZZR,oO0Bu!h6sm,vymv2z/S.=,P@y0JU92{C,mt.:&v@o1),ul8IOFSqxI
Aegean Sea,iB-8Br~onq,"#%th%kLhZ,",!Jsg$jKgv+,dNo9L*#}F?,H)ax6=5vNG,G4|N9mDxa&,Ily]WmR8_^,*/b5m[q8j,xV<kEl1ZJ$,HJN6(i^z~8,"Q75rz,Y9Lx",NPUF#o!QS-,Qofk00d#]|,n8;>Oe!~L!,J:QDHRvbY^
Balkan Peninsula,zSc]-^U=0=,"?[OEt<^,~Q",>0NDs;]+8P,f^0aH]F%!V,td+]W)8y3S,l1uc5E8j;X,hpvj)-!USf,eY!@E#<EI8,lGG8WbUQzc,A#xTVpn3Ks,NlR(^Q+:^E,qHwhDpenXZ,O?:STIyrxP,Hq>2Y[(Y]*,"kQ{}[-(!z,"
Caspian Sea,x2d4n4ADcP,=bPdZX$wOf,<!OcYW#vke,kfniDM68Fr,B)~SL?|&BX,Rf#Y$PY2hD,J3~et+v|e@,cH2i]a9RGb,p6lxT;d^Pq,m4fmq/A-=@,had@3^QMe<,"F&`S7L11,M",F&7yB5tW/w,Cm$CS&[*Rg,slIL&6*m)J
Mediterranean Sea,Gn;q2Y)Xe4,{Zx2bRpQQu,`vw1aQoPmt,HG:Vbwri`^,"qoQ,f:/adY",x18Y%w8iOt,G!-:Hml<-@,McX+ixO5W@,ngPe&f4ARW,v]Gu}_Sgmm,u*w]f[0NdR,yb_9K`wphY,"u$,~P;jW)",Rg-H8>:d^*,D].(J{*+wj
East Siberian Sea,gRVZ]qJ#>O,9@_}Ej.4Ae,8Z^|Di-3{d,"QplodT,RlZ",GkU[4wRj6;,pvm.S00zT/,f-#kZAo/ON,I+N4^}Lq%;,ywSb;Oor?l,N*r4!:+/}l,HRgL]mMe{v,"b=f8dwxf6,",KBG*PF:x]!,"dGv_,!sUnF",z+R(l-qu:w
Bering Strait,"J%,fuysl*&",~msR6r4eqE,}.rQ5q3d<D,b<9P_L#s6?,JffL}$<;][,AnHKmxdHRZ,etM=#0^o-o,M#?I9kQFyj,uxU}LMXAY+,PW&nJyIgfN,CV<T&!ZN;5,MLn%?@{3-5,"B8d,_D4V$v",p)2VM{]#8o,xp$uSWv4N4
Arabian Sea,r(h9&#wc~B,-oTin48`L[,",:Shm37_h@",L}~TYYHI[l,nnM01DlaVX,h:!&t0Lvqc,i-&Ri-vDye,s$aq*|$f>s,z;zuT%S.hs,A}C>b%U#S},D!;%*R6J&o,"wacQ,48J1.","ejDP,^qvKr",g}SfA07quk,HUfD!BH^uQ
Red Sea,_]DH+g9!$,=E^|rSij5,<a]{=Rhi4,Jt*Ggc<HyU,jH=<{Pcl+D,urEGY*T)mW,JS=q2$2L3],mJVG+OU2XO,g*C+;[^vP9,OJ4}BH2QfK,zzE~LA%s{3,A[&}6tcP(D,c$J<~`6*d;,hOI6Q5~#Ll,e6LM|~Rxa(
Dead Sea,B:x<p&Q=t),"[w9y17?,5G",@]8x06>+BF,vhs6OnHZaA,J|aJY+vge3,d9jaR(A9o(,"D,@m:}o|sK",KNRlqLN%1t,"gn,]{C-kDK",AF)CrV]`OA,Jf.~{Q9WzM,Lt9%]1$17z,OEag.87s8A,CMz+%[3>0^,"jtZ,Kw76L^"
Bay of Bengal,z:*d{z(~V2,?wqPIso]_s,>]pOHrn[3r,H1L?;^]mY],vJUDdBqkkp,c2(xx0>{|K,fs]5;0c;}B,ngbe6iK.Qu,x-s/YndH;0,g<j_zQ:^mn,Lw@Xd3XL=},u;+Tt:Wc_*,kBb;v^=11(,gch|[3#I:X,"O,O]lf&18]"
Sea of Japan,"d}R:qHj1,7",6K@w2AVUsx,5g?v1zUT>w,IG)L^LIKi],v/?czq&41s,nsv]+(L(N^,t$C>63YEjQ,q3=L7rObtd,pG~&s-.Pv=,iS2|sUiSh`,B=Vz){?|~&,Jr]Rx$vdq$,m1fd8FZkD),y)q5%6oqI&,NUU&F_n.K*
Yellow Sea,L5M1*yG7eH,be;aqr+0Q|,a%:~pq*Zm{,jcw8^HL&m5,F/|qA9Xb`f,bQ*]^-KLDC,EZvlR:83-^,J#7Tt[f!e*,iw)&(><6ju,jeR</Vr#^>,w-R9-nv-pt,Fjs=Ua5fEU,IsXmz+-)+p,n];7JV=h9s,INxYDi%#ji
Coral Sea,"s|K&2S,UP|",.J/nbLsN>0,-f.maKrMXZ,P}xBc:eoH6,f)MSa#ZHdL,mH(F;!A-^i,MHvNbPV}Qa,B8UUt(OH@c,HeX)uooi/y,oiene4;[Kl,rrK]w=O%&;,QZ*<~wF)nZ,nvcepLg*}Y,K;Q4.Rm|_;,tmF}dZ1EH!
South China Sea,t$y1C2R-Av,/l!a&V@%$;,.-9~%U?$I:,yu2IoRS.M),r%;LR/o1J0,gs<Y_*zj#^,Hmbq~BF@]H,pediB(:-]T,x*o*2(qrzU,s&^*ax7mk5,"s,r3*=P3-/",t.tq:p5XWk,sZ4{aA7mG;,t@N@s([hcr,JUjb1XwjuC
Tasman Sea,eHJ?)TAdTo,"7,.BpM${]*",6P-AoL#`1),k]|`O*|sYC,w[pneW3d#g,fL<HB36|&),v]|R(og)1x,oQ(1eJZ%h_,d/vX5sh?Z9,MCvO(+y^XJ,KR2[wk&&5r,PNd$F4p&3c,rB7G?Z1O`u,{]0Gn}=?<,v)h?GR{Z[
Gulf of Carpentaria,pQpX%(EVOH,+?1{m8)O=|,*Y0`l7(NW{,HnPq%JW}F9,lzpJ#A4I81,kI#F9[@KH|,yB!Y:vm[{l,Kroi)OhVu,G&{G$z2N`],lwRG[9-e^s,ul__U6C[H^,psQ!Lkz&:^,A@p#h/3i1C,fgC[jCm[O{,e-:vO`#?!M
Aral Sea,qiv/4tOlf=,",U7vdm=eRQ",+q6ucl<dnP,BZ#71-])!<,pAb@53Gk?Y,k~[RV@<s7/,IW*fIQ@Vn!,M?CI|U:7E,cd@bD^dpRt,N4Q0mRJom{,umsYCBpKat,Kg#ygW-[r,dRB.WZs7Ae,n<[|af68t>,m^=<d@=bCo
Persian Gulf,M$bc0[jYf0,clNO~:VRRq,b-MN}/UQnp,hzN$`?YJ.^,ufv>~I-Znw,Ngx+p%Tn$u,v:EM)mKjX1,p><!jX(|}?,B4o4Qgpxa=,k[}Db7_UdK,kLO=|#$+U:,nzVFM(2hen,"eR1,r|<al.",j^Q0IT89DE,kIX7j=SKtG
Caribbean Sea,jYz[ibrr9m,$|#DU_3ki(,#6!CT^2j*&,H5FPagvP>_,u1C2Jtm-p^,iq(<JF$S6/,G:i:X<AqLs,qh#R8~1)v.,D.R!j]):&%,JQ.625BEIH,MS>FGW*D4),wTDfQYhjoa,qUay%|m3A),M`1yM!Pg1n,m)CY|PH/iq
Gulf of California,SlOEXfq#|,LXe_{R2k@,Ktd^5Q1j?,"FIQ,YV4(u",F[7BR94HX^,BU*(=#&k=b,Aa(5k`u_H.,CN1N1S@Hy[,"u>bFUX4,^(",B|Vp[->]3b,bDY>zGS#mC,GfT}?H(Itk,oS2~@zVUiq,O}N#YDY`q:,s&2|=WcRuB
Polynesia,"d5m8%D6,;u",6eYhmwf$x:,5%Xglve#^/,FE||8n;*pO,c.$2jl~n2_,LXl!1P9Nfp,pj`8ER+@;H,B!be^2p5w-,t!YaMvtxM),GxAVE4X5.9,wr%uN<cXE),f=0lxUc!hI,tb.s`6ajY!,An&noX2#5Z,Eb_u$_koMA
Melanesia,o9{x<AyA]B,*iI9yt!tE[,)*H8xs9sa@,s~{9dxCHY+,NbC3xEVGZ},HiMLHEOc_m,gZA|73/rf@,I}SX`lcqJ9,fl~nzy1ZAc,t+E0yUq~3C,tuQ3Z0(HHl,wE@c!IypH[,K-uAcOB/:4,"w$%Q,:8o,N",k3+dHPwdn#
Scandinavia,He!e=h?_2V,|QjQzaB=bl,{miPy~A<!k,BLz2@~|QXB,Iu#Jjq4.-;,M(|D;@jB#D,N<Zjd9rV2&,AP>P}@<F6G,"Qqzh;Z,9&o",L~fP+M7<pi,jt>`;1ezpn,gkNaPEci^F,DSGO*bX5gv,"}3cleuN,!",EOL]eWfA}#
Sea of Galilee,QSq%~rFaP-,g[2mLk*^>K,f01lKj)]XJ,Q&)&?}53&@,yLhZzEnGK&,pi]:s4:9TG,Iktca^NUQ,C8l&[)j7Y),"A`,,|zaW//",FNcuka+yo(,"m,bcMekm)F",sUt(spIN=3,lg|jWP~|Lr,vuAeaKe&P0,F#aFYkho+R
Sumatra,ck!6;xK$/^,5Wjfxq/5vW,4siewp.4[V,bP[|CaNP86,E2:8?ZCW`=,D!9j=Ss[H),i2(em&ob8T,r)k(h&xdEF,vHOU`CM:P+,p4FOjAZZk@,P@BL~hgv1=,EkZVD=RUj#,wij7pNM2{4,lP>2[v``&g,uDqMwfP[c1
Sicily,n{{o2K1:dw,)II0bDa)P<,(eHZaC~(l;,Ba#m$J?4gW,zBa]c`I@&q,s)}(&(C~qe,wj)M@s{]YR,jov_[O@hK6,bM>er*)`9o,mY!C2YP~(S,eyK$*+kkTP,hnU{+BuwJ},e`G_.zMu{b,NDA<3S5zoe,MV&hwK$;fR
Mayotte,xqrJ^d[.(O,=23.F{D&oe,<y2-E`C%:d,Mie3UMRyst,cE|I9C6tDG,Gp?#Ik&V&F,b/*Gfh]U>A,ru#Hv&<OO[,g67ir]U+=9,O]6^$Y;9N,kHR&Uv%`gZ,k-Xc-G%>[C,EezTS:.:Ou,cX>BQ?Y;e_,sx6g!v8gw>
Réunion,vrn%j%6{nu,;3ZmV6f?Z:,:zYlU5e>v/,"n^,sUM_!k_",t1~2K{sjcs,IJ6D7S}LvU,nq{:LP(wy=,l$|!y^BHT^,F%kRV:W:T$,K]w/Sxim{^,xj^v<?(5rU,wkF*9:~90B,"NY@cC.#2,D",B(z0k%05eT,M]!aUbbgQ)
Falkland Islands,p#R$-mG/L,ikhCtY+vE,"h,gB?X*uD",xAxtN`17x^,C+sW!v-+p],f[E%u}3F%e,hME8pvJ-]J,"sgfCxE,%}I",xA+]rlW|<7,HhAt<K@[Kw,uM1!Wa7;Z8,xJp80dr|*d,Q.;i59|#bh,A[UOwi4j~%,qs1#;Ke~GW
Europe,oV/JG7fwZq,"*_v.+0Rp},",)3u-*ZQo7+,B35In/Q=Tg,x-wPy%*F%3,Hm4bJ<Y`aA,ofER|_J~:`,Dp?|DrS.=x,dBTCh;2%Xv,PVnr|TgMw7,QoK5I=7Qp@,x*l$tzU%Z^,AV[k3U!i[I,cc}fBg)?0A,N${{MXa8K#
North America,bD?R}i8_[c,4(B@Kbh=D5,3LA?Jag<~4,GRj)gtiMbo,J[Z3=;n.`R,wsH3aZT9(O,k.2O4>+A!V,"E^e,*~,>&|",B0j5`h}ycY,zCAd}@3:9U,q5WM.]<L#f,w~+;g=4]lx,m{=tU844Oc,ws4~l76w]0,GvAa_Oi{c}
South America,Lol+XIvY21,b0Xr{B7Rbr,awWq`A6Q!q,l&Uv?yLL12,OGgh6NLJ_1,P4d|2~&E#h,z~`99rF8Y^,%Z}v@QXG-,AUQ5QqT7N~,L0+1:;EPg/,IG%u>)zM-W,r=GA`|/%}m,y|QFyXE63*,"o;Gk-BD,fm","op{,HY,R^K"
Asia,Qlib4)q2Hk,"gXUNd92V,%",ftTMc81UP$,bMX+]D]Ya>,Cay~/DU6[Y,x;/B{evQ?m,u9:IZ@Uo>l,gJpb~!c0G8,Lg|45@I{1+,Q0g%)%UY`W,KaG.-9WVf?,gRvIS4^Lge,"N%y$`,|RO%",Gn1_e#61|),Oa[MIj/dzh
Africa,pwwZu{7f~(,+88}6?g}LF,*E7|5>f|hE,E9Y{~}fJ|q,q>RaVbPB3|,b~j)uKz$/r,NvOwi0qs57,FyYW/{EEO`,CpZYay1jbg,d}3y)SgyoJ,"JJn,%$#vCr",N_~b;-nO>k,GkUycywYs:,bA(w~2O9Xg,tmUABORc%v
Oceania,qFuGdDx^Yv,",*6+Pw9<|;",+N5*Ov8;6:,wx)T{wK99M,A.lC&CUT?S,lz;Aa8Mc)h,xfB@_iTV&b,A2*i`{j|[I,omFN1!]szI,mc/k|TM}m*,K;bT|9JN(q,k%iW(W*qt>,JO{g0P]h7f,f=`AJn~T:/,qObv%Y4Tz
Antarctica,Cf2@;p<aL,vRsTx1yME,unrS^0xLD,vk=UoW^`zU,Q)zp&X@y?g,M%RATtq>65,h*-O8Wp^BE,]xe(O=bdk,DRY)+ITFX-,d}/izW7q$h,dWC4Q)-hOb,"Oy[fd,P`^y",MNh72VurI8,"o=L@,p.!Ok",tUDw;/h>`Z
Saint Martin,t2&ri|[Un:,/bn3U@DNZN,.!m2T?CMvM,Ek~&z$tb-I,Hg&j8uJWA$,o!L7Ln:)+/,cz=5m*@Fez,Q+I:vHQr7%,c7[u_eSWiy,t|n7?F8IO|,HkZ${rRt2w,ufqRE1R}N|,Byx01EmNqQ,tfPkw@0;~],O.$J.A)V?N
Wallis and Futuna,dbP/Cj}sB+,OjlKz@2/j+,B8+FHyt^E,rVJ^|c*{=!,vqay>V@}^.,IToJAz{P9K,s_iv#ETD^J,ftryRYGk$7,yychoEU/n9,"JZR=,>T#/~",r^Ba54xJuo,"j,}M=b.Icy",d.uD&(B8mn,sV/&$^|pgZ,2DE5ZZSpp
Akrotiri and Dhekelia,wa>{k!2cXc,"NnxZS,Tdmh","cv-,SC1HIr","Pz{%n/nX,I",kP@udSHU#/,wsB.ZRe68:,cPg&WpVKO~,"o3&;VW(Hf,",x=Gm50ksY@,PdPaEws@.2,BuC717Wq+L,k.>hAR#~`y,JE12$)9ER@,jNpSzO@(B8,bfrzr8~u|(
Svalbard,5JJ2]i)p4,cYp<xlh&6.,"f=r^TR.L0,",uE!R:a{FS{,E([1*B$wFU,Oh:F{^dxzr,n!&0937~y!,yXSMWI1KUx,"ch9]RU,k}a",C]<u7;BN.m,c<M<KU^1m?,s%K%uD#*sw,r&Yjy:LJwn,s<R=0.qb]g,K2q=PpJ[C>
Hawaii,"s>f40rn,O]",x<|U~!Rw@;,"yK@HKIZR,h",f4q6u$5n-L,HtFq_[S@sg,HXMK8^/pUt,HE)H&.0Xn6,i1Ug;$!s.p,J]3b`qj!hC,t1Nxa2/6]g,EwsGS_!k)u,f5K4q}cbI+,Lva!X_tl`2,HN`?Pad<G.,HM/uONn&+7
Alaska,ssbyA9}]QP,wTi<lH6s=X,izUG=]G]=<,dl_kl*?R;X,e&L!j2[3Fp,Jf_>OgL@4?,h46=t>$v#7,x{fP[=gD9V,D((j`lUo!d,B|dJ6T]U$e,vNk8~iA!~6,A63kOvd::%,fPCj)H=]8Z,Cd~]=K9h[S,>v6oM{`%o
Bougainville,vKx<0Qa!aP,o*$5]rH:r[,"k=,7DzSs>p","P!2gMb,SH>",E*M$FU#Mf5,kddhH#ut%s,D&9$.-JH&Q,hC)w>ab^[Q,fyeM9@jJW0,"f=?%:&eo,J",drOR)V?/DQ,BEF$8wbVr:,n|X/>eJYEp,p:m=&i}/($,p1z;2bU$}H
Jeju,fkq7lhLkdH,"b,nf]GF[[?",r[gU./Cvk`,wr@MO]j=pc,GOD93nYZ33,Pv4nPI$/4$,y!Xu5N$EBT,w7op[fQgTo,x}$b4LJvm3,lwH=^9v6=A,jjhGh!2yXE,r`ewLw!Gt^,wENu7P2Tf>,KP*o@q}lR9,O:h(.Em}Y@
Banda Sea,kopwzzB``A,pHq8f?}vN?,N`Q4k]7};1,mw?|5)b}6],"l,n6{OL+@0",sv5mAkY3Kf,j8emVT6p}3,v#>8]5Eg[x,GSMkD<+Cko,oxXKJj(4f:,m$4i/|Dgk,t0B8e}YR(?,HT6x8SDj(:,vR)/{dF_/0,vTW7o0@Cbi
Barents Sea,h9Jr(H[=1~,hrp$LcsG^>,bP!a$TSZBB,JDSADMst&0,KYSHLMcczM,"qq/hAV~,t/",Q]#{ocTF.T,O0h/x6zav@,lg>S)d~UyQ,"msxAK,LCh{",I]xI>B~d|i,Q9jU$.Ei4q,c~d(lr9Fvb,O+JPzn{42?,u>1xt-=|mM
Celebes Sea,e!KSebP}pt,M:N/9q9_rl,CR+!|lD[|f,Fck/PT^@wO,t`w^xuFUVp,homhic06#&,k}F}r?|uyT,fE^)_>&{*d,EnHK+Ktzh+,C@O711uUdL,Ne?2/nxwzz,"?:,j5Yjyl",sqTj^jwG6J,bae{1Fa^m3,mc06W]r~in
East China Sea,pYRw[=6;JI,"tk,=<`H?)!",xJzDb{C(wd,"yF,n2/p[P>",bo<0OKHNdG,AbYz~(U8X^,L7X[|LVzfR,zSI<3YA/@<,FoXsg8;#yi,"v)_Oh`bF,*",HJ86wg)[e8,ENyS3po73(,MGk<]E]6Ax,"m{,@;#IB7t",KbHb&_S;-v
Gulf of Alaska,"igiK,ff[eO",MO*aWaoK4b,EsrUZ!O{Q%,p*1Gvs%}#V,l|kNJq}f(%,bfu8gGy]?r,G>bi?;%r/h,"uK!1aq#,Ii",N`e</}tgwr,AySdJa*$Gr,CKTDS>^z.J,4iE[{aD4K,o93{:oXnx&,"eOOtP^l,3r","q.,&c}-x,G"
Gulf of Guinea,"BJ,,^wMC%N",Om%;Q18#GF,vch6I=6.I^,k%mT4tA*I-,"zM$j*=,i2_",ISj^EFTJs9,vH{%)*GIC|,BJPv#s:uIu,bb3ZLS``;e,f)@hpqBJK?,MSm(o6/eAv,Hw%7AS`)3C,wUo3_`)-H,jEL_Gc0QOM,Ew5k_8X-g
North Sea,b`5Q_Z=HQT,o9MT>Zr^kl,N&5vP?xUE8,P[AO.+M/A`,Gf4fmYBN)X,pq=[Hn+x(t,N.on85Va4D,v~jHIv($N`,MPv~EB{R-o,odvY;N=cs5,w`V>hP/0D#,O4e!enCnYP,eYTxN=I7~*,gxGHx4#O&s,"kwXL1I+,Te"
Sea of Okhotsk,tfCY4j6KEZ,Du}tm|Ku-b,JaKw#SXuA.,oFFV~|R]U_,k*{up;o{|2,O_`c<Q-qv],mdpMDyaJo8,sze_Yzh;5$,er#*rcW/fO,FZZeug$TYn,D9@;gV0`._,f7H42;?aOG,toMPnCeH*?,u+Y]9-g]K~,mFQvXkOFXY
Timor Sea,vppEA|$@~g,OD{?KH{=z3,gboIok!xh^,zX(|Q|9+|q,k}cPQuF&TS,O2A!9Qp}$C,qFQ^Bz=$T4,"u2G!Pc,B?g",koAN*cMu(A,M2F[Y-o77g,"ctIGtW,bzw",Ev5}H0X%#/,H2VIy>Ka56,o$aLe8WbC%,c.?kH`a?8B
